anio,semana,comuna,casos_dengue,temperatura_promedio,precipitacion_acumulada,temperatura_lag2,precipitacion_lag2,temperatura_lag4,precipitacion_lag4,casos_dengue_semana_siguiente
2017,1,Altavista,2,20.30386904761905,11.716000000000001,,,,,3.0
2017,2,Altavista,3,19.29287918871252,1.0390000000000001,,,,,1.0
2017,3,Altavista,1,19.181688311688312,30.721,20.30386904761905,11.716000000000001,,,1.0
2017,4,Altavista,1,20.63125,,19.29287918871252,1.0390000000000001,,,1.0
2017,6,Altavista,1,21.408035714285717,1.8929999999999998,20.63125,,19.29287918871252,1.0390000000000001,1.0
2017,7,Altavista,1,20.375515041345878,10.851,21.180059523809526,1.5950000000000002,19.181688311688312,30.721,1.0
2017,10,Altavista,1,19.051488095238096,106.376,19.97134776095869,120.549,21.408035714285717,1.8929999999999998,1.0
2017,11,Altavista,1,19.25224358974359,94.74199999999999,20.148988095238096,38.852000000000004,20.375515041345878,10.851,3.0
2017,13,Altavista,3,20.10198578746122,172.739,19.25224358974359,94.74199999999999,20.148988095238096,38.852000000000004,2.0
2017,14,Altavista,2,21.110778443113773,44.946,19.27172619047619,105.09800000000001,19.051488095238096,106.376,1.0
2017,15,Altavista,1,20.376488095238095,28.35,20.10198578746122,172.739,19.25224358974359,94.74199999999999,1.0
2017,21,Altavista,1,21.50029761904762,5.035,19.364150270886796,98.997,20.7125,120.792,1.0
2017,25,Altavista,1,20.299999999999997,58.189,20.687693452380955,103.055,21.50029761904762,5.035,1.0
2017,28,Altavista,1,19.86391694725028,18.069,20.762824675324673,106.402,19.27596770744226,73.822,1.0
2017,30,Altavista,1,22.080308219178086,0.325,19.86391694725028,18.069,20.762824675324673,106.402,2.0
2017,37,Altavista,2,20.543082368082366,108.944,20.95571535500428,45.766999999999996,20.811791944062186,80.828,1.0
2017,39,Altavista,1,19.83614982578397,60.737,20.543082368082366,108.944,20.95571535500428,45.766999999999996,1.0
2017,40,Altavista,1,19.5602991355778,95.911,20.53001290877797,83.201,20.048809523809524,138.48200000000003,1.0
2017,41,Altavista,1,20.355227726365452,22.633000000000003,19.83614982578397,60.737,20.543082368082366,108.944,1.0
2017,43,Altavista,1,18.59555860805861,42.842,20.355227726365452,22.633000000000003,19.83614982578397,60.737,2.0
2017,44,Altavista,2,19.52467532467532,51.763999999999996,21.79917857142857,36.388,19.5602991355778,95.911,1.0
2017,46,Altavista,1,19.21347147349506,104.48599999999999,19.52467532467532,51.763999999999996,21.79917857142857,36.388,2.0
2017,47,Altavista,2,20.031569004847448,50.376999999999995,19.95096585804133,8.887,18.59555860805861,42.842,2.0
2018,7,Altavista,2,21.39940476190476,58.16,20.89712552742616,55.019,19.335714285714282,39.298,2.0
2018,9,Altavista,2,21.317857142857143,7.182,21.39940476190476,58.16,20.89712552742616,55.019,1.0
2018,11,Altavista,1,21.319489614901325,12.459,21.317857142857143,7.182,21.39940476190476,58.16,1.0
2018,28,Altavista,1,21.99434523809524,2.033,19.641964285714288,35.028999999999996,21.077564513829483,40.980999999999995,1.0
2018,32,Altavista,1,21.707008448540705,0.033,18.92559523809524,28.7,21.99434523809524,2.033,1.0
2018,39,Altavista,1,20.383035714285715,132.032,19.54732142857143,101.31299999999999,21.44077380952381,28.060000000000002,2.0
2018,42,Altavista,2,19.423627744510977,107.757,19.59791666666667,244.417,21.439583333333335,43.509,1.0
2018,44,Altavista,1,19.163027680397313,121.576,19.423627744510977,107.757,19.59791666666667,244.417,1.0
2018,48,Altavista,1,19.56934523809524,38.900999999999996,20.524666737952664,43.536,19.163027680397313,121.576,1.0
2018,50,Altavista,1,20.68204604130809,6.422000000000001,19.56934523809524,38.900999999999996,20.524666737952664,43.536,1.0
2019,7,Altavista,1,21.84583333333333,2.823,20.58469489592244,19.978,20.54761904761905,16.539,1.0
2019,18,Altavista,1,22.4164156626506,0.0,20.26900662959795,30.4,19.54794426048565,81.5,3.0
2019,30,Altavista,3,20.987724550898204,21.4,20.98482142857143,29.8,21.656854148845166,3.2,1.0
2019,33,Altavista,1,21.651785714285715,6.1,21.598642857142856,8.8,21.879348445965213,10.1,1.0
2019,34,Altavista,1,22.284559452523524,1.874,22.56467770034843,0.0,20.987724550898204,21.4,1.0
2019,35,Altavista,1,22.22268246187364,3.834,21.651785714285715,6.1,21.598642857142856,8.8,1.0
2019,36,Altavista,1,22.34106060606061,51.072,22.284559452523524,1.874,22.56467770034843,0.0,1.0
2019,38,Altavista,1,19.6575,72.412,22.34106060606061,51.072,22.284559452523524,1.874,2.0
2019,40,Altavista,2,19.811947533504423,64.07900000000001,19.6575,72.412,22.34106060606061,51.072,2.0
2019,42,Altavista,2,19.741271645021644,77.337,19.811947533504423,64.07900000000001,19.6575,72.412,1.0
2019,50,Altavista,1,19.78839285714286,65.613,21.175400983746794,15.971,19.280833333333334,86.971,1.0
2020,2,Altavista,1,20.4320533888402,0.0,21.583768177929855,44.2,19.78839285714286,65.613,1.0
2020,4,Altavista,1,20.1506599378882,74.81,20.4320533888402,0.0,21.583768177929855,44.2,2.0
2020,6,Altavista,2,21.638881401617247,3.067,20.1506599378882,74.81,20.4320533888402,0.0,2.0
2020,7,Altavista,2,22.251461723930078,11.719000000000001,20.95476907630522,30.737000000000002,22.372500815394652,0.0,1.0
2020,15,Altavista,1,23.511805555555554,16.224,21.103600750645086,14.557,20.87708333333333,58.356,1.0
2020,25,Altavista,1,21.43109756097561,2.254,22.179166666666667,4.182,23.55875,15.329,1.0
2020,27,Altavista,1,21.517532467532465,1.376,21.43109756097561,2.254,22.179166666666667,4.182,2.0
2020,28,Altavista,2,21.12606060606061,2.173,22.36050955414013,1.069,21.921818181818185,0.728,1.0
2021,27,Altavista,1,22.5874251497006,20.381,20.59583333333333,35.75,20.729936305732483,63.645,1.0
2021,34,Altavista,1,21.30328947368421,29.291,21.43956834532374,48.203,22.093333333333334,29.423,1.0
2021,35,Altavista,1,21.0,78.581,20.85462962962963,26.892,22.59820359281437,14.463,1.0
2021,49,Altavista,1,21.98273809523809,1.032,20.374305555555555,52.711,20.645454545454545,71.947,
2017,1,Aranjuez,1,20.30386904761905,11.716000000000001,,,,,4.0
2017,2,Aranjuez,4,19.29287918871252,1.0390000000000001,,,,,4.0
2017,3,Aranjuez,4,19.181688311688312,30.721,20.30386904761905,11.716000000000001,,,4.0
2017,4,Aranjuez,4,20.63125,,19.29287918871252,1.0390000000000001,,,2.0
2017,5,Aranjuez,2,21.180059523809526,1.5950000000000002,19.181688311688312,30.721,20.30386904761905,11.716000000000001,4.0
2017,6,Aranjuez,4,21.408035714285717,1.8929999999999998,20.63125,,19.29287918871252,1.0390000000000001,2.0
2017,7,Aranjuez,2,20.375515041345878,10.851,21.180059523809526,1.5950000000000002,19.181688311688312,30.721,3.0
2017,9,Aranjuez,3,20.148988095238096,38.852000000000004,20.375515041345878,10.851,21.180059523809526,1.5950000000000002,4.0
2017,10,Aranjuez,4,19.051488095238096,106.376,19.97134776095869,120.549,21.408035714285717,1.8929999999999998,2.0
2017,11,Aranjuez,2,19.25224358974359,94.74199999999999,20.148988095238096,38.852000000000004,20.375515041345878,10.851,1.0
2017,12,Aranjuez,1,19.27172619047619,105.09800000000001,19.051488095238096,106.376,19.97134776095869,120.549,1.0
2017,13,Aranjuez,1,20.10198578746122,172.739,19.25224358974359,94.74199999999999,20.148988095238096,38.852000000000004,1.0
2017,14,Aranjuez,1,21.110778443113773,44.946,19.27172619047619,105.09800000000001,19.051488095238096,106.376,3.0
2017,15,Aranjuez,3,20.376488095238095,28.35,20.10198578746122,172.739,19.25224358974359,94.74199999999999,5.0
2017,16,Aranjuez,5,20.133928571428577,33.571,21.110778443113773,44.946,19.27172619047619,105.09800000000001,2.0
2017,17,Aranjuez,2,20.7125,120.792,20.376488095238095,28.35,20.10198578746122,172.739,4.0
2017,18,Aranjuez,4,19.254166666666666,115.362,20.133928571428577,33.571,21.110778443113773,44.946,1.0
2017,19,Aranjuez,1,19.364150270886796,98.997,20.7125,120.792,20.376488095238095,28.35,2.0
2017,20,Aranjuez,2,20.583057100085547,147.251,19.254166666666666,115.362,20.133928571428577,33.571,4.0
2017,21,Aranjuez,4,21.50029761904762,5.035,19.364150270886796,98.997,20.7125,120.792,5.0
2017,22,Aranjuez,5,22.031569004847448,18.01,20.583057100085547,147.251,19.254166666666666,115.362,1.0
2017,23,Aranjuez,1,20.687693452380955,103.055,21.50029761904762,5.035,19.364150270886796,98.997,3.0
2017,24,Aranjuez,3,19.27596770744226,73.822,22.031569004847448,18.01,20.583057100085547,147.251,2.0
2017,25,Aranjuez,2,20.299999999999997,58.189,20.687693452380955,103.055,21.50029761904762,5.035,5.0
2017,26,Aranjuez,5,20.762824675324673,106.402,19.27596770744226,73.822,22.031569004847448,18.01,7.0
2017,27,Aranjuez,7,22.02601351351351,6.064,20.299999999999997,58.189,20.687693452380955,103.055,5.0
2017,28,Aranjuez,5,19.86391694725028,18.069,20.762824675324673,106.402,19.27596770744226,73.822,2.0
2017,29,Aranjuez,2,21.29785973229225,23.009,22.02601351351351,6.064,20.299999999999997,58.189,3.0
2017,30,Aranjuez,3,22.080308219178086,0.325,19.86391694725028,18.069,20.762824675324673,106.402,2.0
2017,31,Aranjuez,2,20.839872798434442,27.232,21.29785973229225,23.009,22.02601351351351,6.064,3.0
2017,32,Aranjuez,3,21.427187461811073,62.252,22.080308219178086,0.325,19.86391694725028,18.069,2.0
2017,33,Aranjuez,2,20.811791944062186,80.828,20.839872798434442,27.232,21.29785973229225,23.009,3.0
2017,34,Aranjuez,3,20.984730538922154,27.445999999999998,21.427187461811073,62.252,22.080308219178086,0.325,2.0
2017,35,Aranjuez,2,20.95571535500428,45.766999999999996,20.811791944062186,80.828,20.839872798434442,27.232,3.0
2017,37,Aranjuez,3,20.543082368082366,108.944,20.95571535500428,45.766999999999996,20.811791944062186,80.828,2.0
2017,38,Aranjuez,2,20.53001290877797,83.201,20.048809523809524,138.48200000000003,20.984730538922154,27.445999999999998,1.0
2017,39,Aranjuez,1,19.83614982578397,60.737,20.543082368082366,108.944,20.95571535500428,45.766999999999996,1.0
2017,40,Aranjuez,1,19.5602991355778,95.911,20.53001290877797,83.201,20.048809523809524,138.48200000000003,1.0
2017,42,Aranjuez,1,21.79917857142857,36.388,19.5602991355778,95.911,20.53001290877797,83.201,3.0
2017,43,Aranjuez,3,18.59555860805861,42.842,20.355227726365452,22.633000000000003,19.83614982578397,60.737,2.0
2017,44,Aranjuez,2,19.52467532467532,51.763999999999996,21.79917857142857,36.388,19.5602991355778,95.911,2.0
2017,45,Aranjuez,2,19.95096585804133,8.887,18.59555860805861,42.842,20.355227726365452,22.633000000000003,1.0
2017,46,Aranjuez,1,19.21347147349506,104.48599999999999,19.52467532467532,51.763999999999996,21.79917857142857,36.388,6.0
2017,47,Aranjuez,6,20.031569004847448,50.376999999999995,19.95096585804133,8.887,18.59555860805861,42.842,2.0
2017,48,Aranjuez,2,20.248511904761905,31.853,19.21347147349506,104.48599999999999,19.52467532467532,51.763999999999996,1.0
2017,49,Aranjuez,1,20.544477911646588,117.631,20.031569004847448,50.376999999999995,19.95096585804133,8.887,3.0
2017,50,Aranjuez,3,20.267112204163105,19.587,20.248511904761905,31.853,19.21347147349506,104.48599999999999,3.0
2017,51,Aranjuez,3,20.676129261363638,0.0,20.544477911646588,117.631,20.031569004847448,50.376999999999995,1.0
2017,52,Aranjuez,1,19.089713796477493,45.818,20.267112204163105,19.587,20.248511904761905,31.853,1.0
2018,1,Aranjuez,1,19.193154761904765,102.94200000000001,20.676129261363638,0.0,20.544477911646588,117.631,3.0
2018,2,Aranjuez,3,19.02767857142857,119.844,19.089713796477493,45.818,20.267112204163105,19.587,1.0
2018,3,Aranjuez,1,19.335714285714282,39.298,19.193154761904765,102.94200000000001,20.676129261363638,0.0,2.0
2018,5,Aranjuez,2,20.89712552742616,55.019,19.335714285714282,39.298,19.193154761904765,102.94200000000001,2.0
2018,6,Aranjuez,2,20.715027239709435,0.202,20.57010535890245,3.5540000000000003,19.02767857142857,119.844,3.0
2018,7,Aranjuez,3,21.39940476190476,58.16,20.89712552742616,55.019,19.335714285714282,39.298,3.0
2018,8,Aranjuez,3,20.60892857142857,22.154,20.715027239709435,0.202,20.57010535890245,3.5540000000000003,1.0
2018,10,Aranjuez,1,21.815285714285714,8.573,20.60892857142857,22.154,20.715027239709435,0.202,1.0
2018,11,Aranjuez,1,21.319489614901325,12.459,21.317857142857143,7.182,21.39940476190476,58.16,2.0
2018,12,Aranjuez,2,19.967559523809523,124.558,21.815285714285714,8.573,20.60892857142857,22.154,1.0
2018,13,Aranjuez,1,19.54548581408611,157.524,21.319489614901325,12.459,21.317857142857143,7.182,2.0
2018,15,Aranjuez,2,19.22521742229826,140.014,19.54548581408611,157.524,21.319489614901325,12.459,3.0
2018,16,Aranjuez,3,20.69217992586256,33.08,19.19099479612204,76.149,19.967559523809523,124.558,2.0
2018,17,Aranjuez,2,19.98843321226796,110.944,19.22521742229826,140.014,19.54548581408611,157.524,5.0
2018,18,Aranjuez,5,19.686904761904763,97.144,20.69217992586256,33.08,19.19099479612204,76.149,1.0
2018,19,Aranjuez,1,18.926375075346595,235.89100000000002,19.98843321226796,110.944,19.22521742229826,140.014,3.0
2018,20,Aranjuez,3,19.373109138865125,174.89100000000002,19.686904761904763,97.144,20.69217992586256,33.08,1.0
2018,21,Aranjuez,1,20.285416666666663,90.48,18.926375075346595,235.89100000000002,19.98843321226796,110.944,1.0
2018,23,Aranjuez,1,21.702083333333334,1.981,20.285416666666663,90.48,18.926375075346595,235.89100000000002,1.0
2018,24,Aranjuez,1,21.077564513829483,40.980999999999995,20.247916666666665,124.488,19.373109138865125,174.89100000000002,1.0
2018,25,Aranjuez,1,20.782665343915344,65.938,21.702083333333334,1.981,20.285416666666663,90.48,6.0
2018,26,Aranjuez,6,19.641964285714288,35.028999999999996,21.077564513829483,40.980999999999995,20.247916666666665,124.488,3.0
2018,27,Aranjuez,3,20.83869047619048,45.870000000000005,20.782665343915344,65.938,21.702083333333334,1.981,3.0
2018,28,Aranjuez,3,21.99434523809524,2.033,19.641964285714288,35.028999999999996,21.077564513829483,40.980999999999995,1.0
2018,29,Aranjuez,1,21.19891906873614,18.116,20.83869047619048,45.870000000000005,20.782665343915344,65.938,2.0
2018,31,Aranjuez,2,18.89593253968254,34.6,21.19891906873614,18.116,20.83869047619048,45.870000000000005,1.0
2018,32,Aranjuez,1,21.707008448540705,0.033,18.92559523809524,28.7,21.99434523809524,2.033,1.0
2018,33,Aranjuez,1,21.16390977443609,38.207,18.89593253968254,34.6,21.19891906873614,18.116,1.0
2018,36,Aranjuez,1,19.647619047619045,167.208,21.933630952380952,9.211,21.707008448540705,0.033,2.0
2018,38,Aranjuez,2,21.439583333333335,43.509,19.647619047619045,167.208,21.933630952380952,9.211,1.0
2018,39,Aranjuez,1,20.383035714285715,132.032,19.54732142857143,101.31299999999999,21.44077380952381,28.060000000000002,6.0
2018,40,Aranjuez,6,19.59791666666667,244.417,21.439583333333335,43.509,19.647619047619045,167.208,2.0
2018,42,Aranjuez,2,19.423627744510977,107.757,19.59791666666667,244.417,21.439583333333335,43.509,1.0
2018,44,Aranjuez,1,19.163027680397313,121.576,19.423627744510977,107.757,19.59791666666667,244.417,3.0
2018,45,Aranjuez,3,19.776190476190475,36.817,20.06755952380952,44.153,19.407738095238095,81.641,4.0
2018,47,Aranjuez,4,20.163392857142856,228.88299999999998,19.776190476190475,36.817,20.06755952380952,44.153,1.0
2018,48,Aranjuez,1,19.56934523809524,38.900999999999996,20.524666737952664,43.536,19.163027680397313,121.576,1.0
2018,50,Aranjuez,1,20.68204604130809,6.422000000000001,19.56934523809524,38.900999999999996,20.524666737952664,43.536,2.0
2019,1,Aranjuez,2,21.702083333333334,48.616,20.358630952380953,5.2010000000000005,19.92142857142857,11.767,4.0
2019,2,Aranjuez,4,19.181845238095235,44.163,21.199107142857144,0.0,20.68204604130809,6.422000000000001,1.0
2019,3,Aranjuez,1,20.54761904761905,16.539,21.702083333333334,48.616,20.358630952380953,5.2010000000000005,3.0
2019,5,Aranjuez,3,20.58469489592244,19.978,20.54761904761905,16.539,21.702083333333334,48.616,1.0
2019,8,Aranjuez,1,20.707722055888226,105.743,20.980059523809523,0.732,21.96904761904762,0.876,2.0
2019,9,Aranjuez,2,19.816071428571426,121.411,21.84583333333333,2.823,20.58469489592244,19.978,2.0
2019,10,Aranjuez,2,21.135758839463932,25.105,20.707722055888226,105.743,20.980059523809523,0.732,1.0
2019,12,Aranjuez,1,19.45817805383023,68.6,21.135758839463932,25.105,20.707722055888226,105.743,1.0
2019,13,Aranjuez,1,20.43244047619048,65.8,21.175892857142856,14.3,19.816071428571426,121.411,2.0
2019,16,Aranjuez,2,20.26900662959795,30.4,19.54794426048565,81.5,19.45817805383023,68.6,3.0
2019,17,Aranjuez,3,20.517857142857146,35.1,20.6625,45.8,20.43244047619048,65.8,1.0
2019,18,Aranjuez,1,22.4164156626506,0.0,20.26900662959795,30.4,19.54794426048565,81.5,2.0
2019,21,Aranjuez,2,19.680952380952377,64.3,20.93189117929051,38.6,20.517857142857146,35.1,1.0
2019,22,Aranjuez,1,19.456845238095237,62.1,20.026488095238093,73.3,22.4164156626506,0.0,2.0
2019,23,Aranjuez,2,20.99731784279977,37.8,19.680952380952377,64.3,20.93189117929051,38.6,2.0
2019,25,Aranjuez,2,22.412554112554112,0.1,20.99731784279977,37.8,19.680952380952377,64.3,1.0
2019,26,Aranjuez,1,21.656854148845166,3.2,21.176957831325304,18.4,19.456845238095237,62.1,1.0
2019,27,Aranjuez,1,20.96992621899059,38.1,22.412554112554112,0.1,20.99731784279977,37.8,3.0
2019,29,Aranjuez,3,21.879348445965213,10.1,20.96992621899059,38.1,22.412554112554112,0.1,2.0
2019,30,Aranjuez,2,20.987724550898204,21.4,20.98482142857143,29.8,21.656854148845166,3.2,1.0
2019,31,Aranjuez,1,21.598642857142856,8.8,21.879348445965213,10.1,20.96992621899059,38.1,2.0
2019,32,Aranjuez,2,22.56467770034843,0.0,20.987724550898204,21.4,20.98482142857143,29.8,1.0
2019,34,Aranjuez,1,22.284559452523524,1.874,22.56467770034843,0.0,20.987724550898204,21.4,3.0
2019,38,Aranjuez,3,19.6575,72.412,22.34106060606061,51.072,22.284559452523524,1.874,1.0
2019,39,Aranjuez,1,20.242107716580605,84.449,22.580755649717513,93.228,22.22268246187364,3.834,2.0
2019,42,Aranjuez,2,19.741271645021644,77.337,19.811947533504423,64.07900000000001,19.6575,72.412,1.0
2019,43,Aranjuez,1,19.449855945521215,123.856,19.94417347123934,33.158,20.242107716580605,84.449,1.0
2019,44,Aranjuez,1,20.33673054587689,99.606,19.741271645021644,77.337,19.811947533504423,64.07900000000001,2.0
2019,46,Aranjuez,2,19.280833333333334,86.971,20.33673054587689,99.606,19.741271645021644,77.337,1.0
2019,48,Aranjuez,1,21.175400983746794,15.971,19.280833333333334,86.971,20.33673054587689,99.606,2.0
2019,49,Aranjuez,2,20.334424603174604,19.691000000000003,19.34214826839827,179.652,20.32371212121212,90.394,1.0
2019,50,Aranjuez,1,19.78839285714286,65.613,21.175400983746794,15.971,19.280833333333334,86.971,1.0
2019,51,Aranjuez,1,21.011607142857144,19.577,20.334424603174604,19.691000000000003,19.34214826839827,179.652,1.0
2020,2,Aranjuez,1,20.4320533888402,0.0,21.583768177929855,44.2,19.78839285714286,65.613,3.0
2020,3,Aranjuez,3,22.372500815394652,0.0,20.126536796536797,30.362,21.011607142857144,19.577,1.0
2020,4,Aranjuez,1,20.1506599378882,74.81,20.4320533888402,0.0,21.583768177929855,44.2,1.0
2020,6,Aranjuez,1,21.638881401617247,3.067,20.1506599378882,74.81,20.4320533888402,0.0,1.0
2020,7,Aranjuez,1,22.251461723930078,11.719000000000001,20.95476907630522,30.737000000000002,22.372500815394652,0.0,2.0
2020,8,Aranjuez,2,22.024197722567287,66.928,21.638881401617247,3.067,20.1506599378882,74.81,1.0
2020,9,Aranjuez,1,21.29524600504626,6.045,22.251461723930078,11.719000000000001,20.95476907630522,30.737000000000002,1.0
2020,10,Aranjuez,1,22.29136904761905,2.717,22.024197722567287,66.928,21.638881401617247,3.067,1.0
2020,11,Aranjuez,1,20.87708333333333,58.356,21.29524600504626,6.045,22.251461723930078,11.719000000000001,1.0
2020,19,Aranjuez,1,24.81878787878788,3.148,21.92035928143713,5.307,23.511805555555554,16.224,1.0
2020,20,Aranjuez,1,23.538607594936707,3.535,23.235928143712574,1.909,21.433532934131737,28.7,1.0
2020,26,Aranjuez,1,22.36050955414013,1.069,21.921818181818185,0.728,21.941666666666663,29.251,2.0
2020,30,Aranjuez,2,21.11377245508982,2.478,21.12606060606061,2.173,22.36050955414013,1.069,1.0
2020,38,Aranjuez,1,21.171794871794877,0.778,21.273652694610774,4.556,21.538414634146346,0.427,2.0
2020,40,Aranjuez,2,20.83405797101449,1.507,21.171794871794877,0.778,21.273652694610774,4.556,1.0
2020,42,Aranjuez,1,21.753846153846155,6.502,20.83405797101449,1.507,21.171794871794877,0.778,1.0
2020,44,Aranjuez,1,21.112676056338028,4.684,21.753846153846155,6.502,20.83405797101449,1.507,1.0
2020,46,Aranjuez,1,20.275694444444444,0.732,21.112676056338028,4.684,21.753846153846155,6.502,1.0
2021,1,Aranjuez,1,20.79824561403509,4.157,21.16216216216216,41.654,21.87702702702703,0.104,1.0
2021,3,Aranjuez,1,22.061486486486487,3.492,20.79824561403509,4.157,21.16216216216216,41.654,1.0
2021,22,Aranjuez,1,21.811904761904763,44.339,22.01077844311377,11.27,18.33333333333333,0.321,1.0
2021,25,Aranjuez,1,20.59583333333333,35.75,20.729936305732483,63.645,21.37559523809524,40.812,1.0
2021,27,Aranjuez,1,22.5874251497006,20.381,20.59583333333333,35.75,20.729936305732483,63.645,2.0
2021,30,Aranjuez,2,22.093333333333334,29.423,22.665269461077845,57.513,22.07857142857143,20.0,1.0
2021,32,Aranjuez,1,21.43956834532374,48.203,22.093333333333334,29.423,22.665269461077845,57.513,1.0
2021,36,Aranjuez,1,20.991071428571427,28.044,21.30328947368421,29.291,21.43956834532374,48.203,1.0
2021,39,Aranjuez,1,21.13869047619048,29.588,22.90974025974026,30.613,21.0,78.581,1.0
2021,42,Aranjuez,1,21.2375,39.122,22.26095890410959,26.694,21.57202797202797,41.942,1.0
2021,44,Aranjuez,1,21.271856287425152,6.029,21.2375,39.122,22.26095890410959,26.694,1.0
2021,46,Aranjuez,1,21.20969696969697,32.828,21.271856287425152,6.029,21.2375,39.122,1.0
2021,47,Aranjuez,1,20.374305555555555,52.711,20.645454545454545,71.947,20.47142857142857,70.393,1.0
2021,52,Aranjuez,1,21.106586826347307,16.294999999999998,21.12619047619048,16.234,21.5,38.38,
2017,1,Belen,4,20.30386904761905,11.716000000000001,,,,,10.0
2017,2,Belen,10,19.29287918871252,1.0390000000000001,,,,,11.0
2017,3,Belen,11,19.181688311688312,30.721,20.30386904761905,11.716000000000001,,,6.0
2017,4,Belen,6,20.63125,,19.29287918871252,1.0390000000000001,,,12.0
2017,5,Belen,12,21.180059523809526,1.5950000000000002,19.181688311688312,30.721,20.30386904761905,11.716000000000001,10.0
2017,6,Belen,10,21.408035714285717,1.8929999999999998,20.63125,,19.29287918871252,1.0390000000000001,6.0
2017,7,Belen,6,20.375515041345878,10.851,21.180059523809526,1.5950000000000002,19.181688311688312,30.721,3.0
2017,8,Belen,3,19.97134776095869,120.549,21.408035714285717,1.8929999999999998,20.63125,,6.0
2017,9,Belen,6,20.148988095238096,38.852000000000004,20.375515041345878,10.851,21.180059523809526,1.5950000000000002,1.0
2017,10,Belen,1,19.051488095238096,106.376,19.97134776095869,120.549,21.408035714285717,1.8929999999999998,3.0
2017,11,Belen,3,19.25224358974359,94.74199999999999,20.148988095238096,38.852000000000004,20.375515041345878,10.851,3.0
2017,12,Belen,3,19.27172619047619,105.09800000000001,19.051488095238096,106.376,19.97134776095869,120.549,4.0
2017,13,Belen,4,20.10198578746122,172.739,19.25224358974359,94.74199999999999,20.148988095238096,38.852000000000004,6.0
2017,14,Belen,6,21.110778443113773,44.946,19.27172619047619,105.09800000000001,19.051488095238096,106.376,6.0
2017,15,Belen,6,20.376488095238095,28.35,20.10198578746122,172.739,19.25224358974359,94.74199999999999,4.0
2017,16,Belen,4,20.133928571428577,33.571,21.110778443113773,44.946,19.27172619047619,105.09800000000001,6.0
2017,17,Belen,6,20.7125,120.792,20.376488095238095,28.35,20.10198578746122,172.739,4.0
2017,18,Belen,4,19.254166666666666,115.362,20.133928571428577,33.571,21.110778443113773,44.946,4.0
2017,19,Belen,4,19.364150270886796,98.997,20.7125,120.792,20.376488095238095,28.35,6.0
2017,20,Belen,6,20.583057100085547,147.251,19.254166666666666,115.362,20.133928571428577,33.571,5.0
2017,21,Belen,5,21.50029761904762,5.035,19.364150270886796,98.997,20.7125,120.792,2.0
2017,22,Belen,2,22.031569004847448,18.01,20.583057100085547,147.251,19.254166666666666,115.362,6.0
2017,23,Belen,6,20.687693452380955,103.055,21.50029761904762,5.035,19.364150270886796,98.997,5.0
2017,24,Belen,5,19.27596770744226,73.822,22.031569004847448,18.01,20.583057100085547,147.251,2.0
2017,25,Belen,2,20.299999999999997,58.189,20.687693452380955,103.055,21.50029761904762,5.035,6.0
2017,26,Belen,6,20.762824675324673,106.402,19.27596770744226,73.822,22.031569004847448,18.01,3.0
2017,27,Belen,3,22.02601351351351,6.064,20.299999999999997,58.189,20.687693452380955,103.055,4.0
2017,28,Belen,4,19.86391694725028,18.069,20.762824675324673,106.402,19.27596770744226,73.822,4.0
2017,29,Belen,4,21.29785973229225,23.009,22.02601351351351,6.064,20.299999999999997,58.189,3.0
2017,30,Belen,3,22.080308219178086,0.325,19.86391694725028,18.069,20.762824675324673,106.402,5.0
2017,31,Belen,5,20.839872798434442,27.232,21.29785973229225,23.009,22.02601351351351,6.064,1.0
2017,32,Belen,1,21.427187461811073,62.252,22.080308219178086,0.325,19.86391694725028,18.069,2.0
2017,33,Belen,2,20.811791944062186,80.828,20.839872798434442,27.232,21.29785973229225,23.009,1.0
2017,34,Belen,1,20.984730538922154,27.445999999999998,21.427187461811073,62.252,22.080308219178086,0.325,3.0
2017,35,Belen,3,20.95571535500428,45.766999999999996,20.811791944062186,80.828,20.839872798434442,27.232,6.0
2017,36,Belen,6,20.048809523809524,138.48200000000003,20.984730538922154,27.445999999999998,21.427187461811073,62.252,5.0
2017,37,Belen,5,20.543082368082366,108.944,20.95571535500428,45.766999999999996,20.811791944062186,80.828,7.0
2017,38,Belen,7,20.53001290877797,83.201,20.048809523809524,138.48200000000003,20.984730538922154,27.445999999999998,5.0
2017,39,Belen,5,19.83614982578397,60.737,20.543082368082366,108.944,20.95571535500428,45.766999999999996,4.0
2017,40,Belen,4,19.5602991355778,95.911,20.53001290877797,83.201,20.048809523809524,138.48200000000003,4.0
2017,41,Belen,4,20.355227726365452,22.633000000000003,19.83614982578397,60.737,20.543082368082366,108.944,1.0
2017,42,Belen,1,21.79917857142857,36.388,19.5602991355778,95.911,20.53001290877797,83.201,1.0
2017,43,Belen,1,18.59555860805861,42.842,20.355227726365452,22.633000000000003,19.83614982578397,60.737,3.0
2017,44,Belen,3,19.52467532467532,51.763999999999996,21.79917857142857,36.388,19.5602991355778,95.911,3.0
2017,45,Belen,3,19.95096585804133,8.887,18.59555860805861,42.842,20.355227726365452,22.633000000000003,4.0
2017,47,Belen,4,20.031569004847448,50.376999999999995,19.95096585804133,8.887,18.59555860805861,42.842,3.0
2017,48,Belen,3,20.248511904761905,31.853,19.21347147349506,104.48599999999999,19.52467532467532,51.763999999999996,3.0
2017,49,Belen,3,20.544477911646588,117.631,20.031569004847448,50.376999999999995,19.95096585804133,8.887,4.0
2017,50,Belen,4,20.267112204163105,19.587,20.248511904761905,31.853,19.21347147349506,104.48599999999999,3.0
2017,52,Belen,3,19.089713796477493,45.818,20.267112204163105,19.587,20.248511904761905,31.853,3.0
2018,1,Belen,3,19.193154761904765,102.94200000000001,20.676129261363638,0.0,20.544477911646588,117.631,3.0
2018,2,Belen,3,19.02767857142857,119.844,19.089713796477493,45.818,20.267112204163105,19.587,3.0
2018,3,Belen,3,19.335714285714282,39.298,19.193154761904765,102.94200000000001,20.676129261363638,0.0,1.0
2018,4,Belen,1,20.57010535890245,3.5540000000000003,19.02767857142857,119.844,19.089713796477493,45.818,3.0
2018,5,Belen,3,20.89712552742616,55.019,19.335714285714282,39.298,19.193154761904765,102.94200000000001,5.0
2018,7,Belen,5,21.39940476190476,58.16,20.89712552742616,55.019,19.335714285714282,39.298,1.0
2018,8,Belen,1,20.60892857142857,22.154,20.715027239709435,0.202,20.57010535890245,3.5540000000000003,2.0
2018,9,Belen,2,21.317857142857143,7.182,21.39940476190476,58.16,20.89712552742616,55.019,3.0
2018,10,Belen,3,21.815285714285714,8.573,20.60892857142857,22.154,20.715027239709435,0.202,3.0
2018,11,Belen,3,21.319489614901325,12.459,21.317857142857143,7.182,21.39940476190476,58.16,4.0
2018,12,Belen,4,19.967559523809523,124.558,21.815285714285714,8.573,20.60892857142857,22.154,2.0
2018,13,Belen,2,19.54548581408611,157.524,21.319489614901325,12.459,21.317857142857143,7.182,1.0
2018,14,Belen,1,19.19099479612204,76.149,19.967559523809523,124.558,21.815285714285714,8.573,3.0
2018,15,Belen,3,19.22521742229826,140.014,19.54548581408611,157.524,21.319489614901325,12.459,1.0
2018,18,Belen,1,19.686904761904763,97.144,20.69217992586256,33.08,19.19099479612204,76.149,2.0
2018,19,Belen,2,18.926375075346595,235.89100000000002,19.98843321226796,110.944,19.22521742229826,140.014,1.0
2018,20,Belen,1,19.373109138865125,174.89100000000002,19.686904761904763,97.144,20.69217992586256,33.08,1.0
2018,22,Belen,1,20.247916666666665,124.488,19.373109138865125,174.89100000000002,19.686904761904763,97.144,4.0
2018,23,Belen,4,21.702083333333334,1.981,20.285416666666663,90.48,18.926375075346595,235.89100000000002,3.0
2018,24,Belen,3,21.077564513829483,40.980999999999995,20.247916666666665,124.488,19.373109138865125,174.89100000000002,1.0
2018,25,Belen,1,20.782665343915344,65.938,21.702083333333334,1.981,20.285416666666663,90.48,2.0
2018,26,Belen,2,19.641964285714288,35.028999999999996,21.077564513829483,40.980999999999995,20.247916666666665,124.488,2.0
2018,27,Belen,2,20.83869047619048,45.870000000000005,20.782665343915344,65.938,21.702083333333334,1.981,4.0
2018,28,Belen,4,21.99434523809524,2.033,19.641964285714288,35.028999999999996,21.077564513829483,40.980999999999995,2.0
2018,30,Belen,2,18.92559523809524,28.7,21.99434523809524,2.033,19.641964285714288,35.028999999999996,4.0
2018,31,Belen,4,18.89593253968254,34.6,21.19891906873614,18.116,20.83869047619048,45.870000000000005,2.0
2018,32,Belen,2,21.707008448540705,0.033,18.92559523809524,28.7,21.99434523809524,2.033,2.0
2018,34,Belen,2,21.933630952380952,9.211,21.707008448540705,0.033,18.92559523809524,28.7,4.0
2018,36,Belen,4,19.647619047619045,167.208,21.933630952380952,9.211,21.707008448540705,0.033,4.0
2018,38,Belen,4,21.439583333333335,43.509,19.647619047619045,167.208,21.933630952380952,9.211,1.0
2018,40,Belen,1,19.59791666666667,244.417,21.439583333333335,43.509,19.647619047619045,167.208,1.0
2018,41,Belen,1,19.407738095238095,81.641,20.383035714285715,132.032,19.54732142857143,101.31299999999999,1.0
2018,45,Belen,1,19.776190476190475,36.817,20.06755952380952,44.153,19.407738095238095,81.641,3.0
2018,46,Belen,3,20.524666737952664,43.536,19.163027680397313,121.576,19.423627744510977,107.757,3.0
2018,47,Belen,3,20.163392857142856,228.88299999999998,19.776190476190475,36.817,20.06755952380952,44.153,5.0
2018,48,Belen,5,19.56934523809524,38.900999999999996,20.524666737952664,43.536,19.163027680397313,121.576,1.0
2018,49,Belen,1,19.92142857142857,11.767,20.163392857142856,228.88299999999998,19.776190476190475,36.817,4.0
2018,50,Belen,4,20.68204604130809,6.422000000000001,19.56934523809524,38.900999999999996,20.524666737952664,43.536,2.0
2018,51,Belen,2,20.358630952380953,5.2010000000000005,19.92142857142857,11.767,20.163392857142856,228.88299999999998,3.0
2019,1,Belen,3,21.702083333333334,48.616,20.358630952380953,5.2010000000000005,19.92142857142857,11.767,3.0
2019,2,Belen,3,19.181845238095235,44.163,21.199107142857144,0.0,20.68204604130809,6.422000000000001,2.0
2019,3,Belen,2,20.54761904761905,16.539,21.702083333333334,48.616,20.358630952380953,5.2010000000000005,1.0
2019,4,Belen,1,21.96904761904762,0.876,19.181845238095235,44.163,21.199107142857144,0.0,1.0
2019,5,Belen,1,20.58469489592244,19.978,20.54761904761905,16.539,21.702083333333334,48.616,3.0
2019,6,Belen,3,20.980059523809523,0.732,21.96904761904762,0.876,19.181845238095235,44.163,2.0
2019,7,Belen,2,21.84583333333333,2.823,20.58469489592244,19.978,20.54761904761905,16.539,2.0
2019,8,Belen,2,20.707722055888226,105.743,20.980059523809523,0.732,21.96904761904762,0.876,1.0
2019,9,Belen,1,19.816071428571426,121.411,21.84583333333333,2.823,20.58469489592244,19.978,1.0
2019,11,Belen,1,21.175892857142856,14.3,19.816071428571426,121.411,21.84583333333333,2.823,1.0
2019,14,Belen,1,19.54794426048565,81.5,19.45817805383023,68.6,21.135758839463932,25.105,1.0
2019,15,Belen,1,20.6625,45.8,20.43244047619048,65.8,21.175892857142856,14.3,1.0
2019,16,Belen,1,20.26900662959795,30.4,19.54794426048565,81.5,19.45817805383023,68.6,4.0
2019,17,Belen,4,20.517857142857146,35.1,20.6625,45.8,20.43244047619048,65.8,1.0
2019,18,Belen,1,22.4164156626506,0.0,20.26900662959795,30.4,19.54794426048565,81.5,5.0
2019,20,Belen,5,20.026488095238093,73.3,22.4164156626506,0.0,20.26900662959795,30.4,5.0
2019,21,Belen,5,19.680952380952377,64.3,20.93189117929051,38.6,20.517857142857146,35.1,1.0
2019,22,Belen,1,19.456845238095237,62.1,20.026488095238093,73.3,22.4164156626506,0.0,1.0
2019,23,Belen,1,20.99731784279977,37.8,19.680952380952377,64.3,20.93189117929051,38.6,1.0
2019,24,Belen,1,21.176957831325304,18.4,19.456845238095237,62.1,20.026488095238093,73.3,1.0
2019,25,Belen,1,22.412554112554112,0.1,20.99731784279977,37.8,19.680952380952377,64.3,3.0
2019,26,Belen,3,21.656854148845166,3.2,21.176957831325304,18.4,19.456845238095237,62.1,3.0
2019,27,Belen,3,20.96992621899059,38.1,22.412554112554112,0.1,20.99731784279977,37.8,3.0
2019,28,Belen,3,20.98482142857143,29.8,21.656854148845166,3.2,21.176957831325304,18.4,1.0
2019,29,Belen,1,21.879348445965213,10.1,20.96992621899059,38.1,22.412554112554112,0.1,3.0
2019,30,Belen,3,20.987724550898204,21.4,20.98482142857143,29.8,21.656854148845166,3.2,4.0
2019,31,Belen,4,21.598642857142856,8.8,21.879348445965213,10.1,20.96992621899059,38.1,5.0
2019,32,Belen,5,22.56467770034843,0.0,20.987724550898204,21.4,20.98482142857143,29.8,3.0
2019,33,Belen,3,21.651785714285715,6.1,21.598642857142856,8.8,21.879348445965213,10.1,6.0
2019,34,Belen,6,22.284559452523524,1.874,22.56467770034843,0.0,20.987724550898204,21.4,7.0
2019,35,Belen,7,22.22268246187364,3.834,21.651785714285715,6.1,21.598642857142856,8.8,5.0
2019,36,Belen,5,22.34106060606061,51.072,22.284559452523524,1.874,22.56467770034843,0.0,2.0
2019,37,Belen,2,22.580755649717513,93.228,22.22268246187364,3.834,21.651785714285715,6.1,8.0
2019,38,Belen,8,19.6575,72.412,22.34106060606061,51.072,22.284559452523524,1.874,5.0
2019,39,Belen,5,20.242107716580605,84.449,22.580755649717513,93.228,22.22268246187364,3.834,3.0
2019,40,Belen,3,19.811947533504423,64.07900000000001,19.6575,72.412,22.34106060606061,51.072,2.0
2019,41,Belen,2,19.94417347123934,33.158,20.242107716580605,84.449,22.580755649717513,93.228,3.0
2019,42,Belen,3,19.741271645021644,77.337,19.811947533504423,64.07900000000001,19.6575,72.412,3.0
2019,43,Belen,3,19.449855945521215,123.856,19.94417347123934,33.158,20.242107716580605,84.449,1.0
2019,44,Belen,1,20.33673054587689,99.606,19.741271645021644,77.337,19.811947533504423,64.07900000000001,3.0
2019,45,Belen,3,20.32371212121212,90.394,19.449855945521215,123.856,19.94417347123934,33.158,1.0
2019,46,Belen,1,19.280833333333334,86.971,20.33673054587689,99.606,19.741271645021644,77.337,2.0
2019,47,Belen,2,19.34214826839827,179.652,20.32371212121212,90.394,19.449855945521215,123.856,2.0
2019,48,Belen,2,21.175400983746794,15.971,19.280833333333334,86.971,20.33673054587689,99.606,4.0
2019,49,Belen,4,20.334424603174604,19.691000000000003,19.34214826839827,179.652,20.32371212121212,90.394,5.0
2019,50,Belen,5,19.78839285714286,65.613,21.175400983746794,15.971,19.280833333333334,86.971,4.0
2019,51,Belen,4,21.011607142857144,19.577,20.334424603174604,19.691000000000003,19.34214826839827,179.652,1.0
2019,52,Belen,1,21.583768177929855,44.2,19.78839285714286,65.613,21.175400983746794,15.971,2.0
2020,1,Belen,2,20.126536796536797,30.362,21.011607142857144,19.577,20.334424603174604,19.691000000000003,4.0
2020,2,Belen,4,20.4320533888402,0.0,21.583768177929855,44.2,19.78839285714286,65.613,4.0
2020,3,Belen,4,22.372500815394652,0.0,20.126536796536797,30.362,21.011607142857144,19.577,5.0
2020,4,Belen,5,20.1506599378882,74.81,20.4320533888402,0.0,21.583768177929855,44.2,1.0
2020,5,Belen,1,20.95476907630522,30.737000000000002,22.372500815394652,0.0,20.126536796536797,30.362,6.0
2020,6,Belen,6,21.638881401617247,3.067,20.1506599378882,74.81,20.4320533888402,0.0,10.0
2020,7,Belen,10,22.251461723930078,11.719000000000001,20.95476907630522,30.737000000000002,22.372500815394652,0.0,1.0
2020,8,Belen,1,22.024197722567287,66.928,21.638881401617247,3.067,20.1506599378882,74.81,4.0
2020,9,Belen,4,21.29524600504626,6.045,22.251461723930078,11.719000000000001,20.95476907630522,30.737000000000002,6.0
2020,10,Belen,6,22.29136904761905,2.717,22.024197722567287,66.928,21.638881401617247,3.067,2.0
2020,11,Belen,2,20.87708333333333,58.356,21.29524600504626,6.045,22.251461723930078,11.719000000000001,1.0
2020,14,Belen,1,22.622377622377623,17.193,20.727558016877637,24.101999999999997,22.29136904761905,2.717,1.0
2020,15,Belen,1,23.511805555555554,16.224,21.103600750645086,14.557,20.87708333333333,58.356,1.0
2020,18,Belen,1,23.235928143712574,1.909,21.433532934131737,28.7,22.622377622377623,17.193,1.0
2020,19,Belen,1,24.81878787878788,3.148,21.92035928143713,5.307,23.511805555555554,16.224,1.0
2020,20,Belen,1,23.538607594936707,3.535,23.235928143712574,1.909,21.433532934131737,28.7,1.0
2020,21,Belen,1,23.55875,15.329,24.81878787878788,3.148,21.92035928143713,5.307,1.0
2020,22,Belen,1,21.941666666666663,29.251,23.538607594936707,3.535,23.235928143712574,1.909,1.0
2020,24,Belen,1,21.921818181818185,0.728,21.941666666666663,29.251,23.538607594936707,3.535,3.0
2020,26,Belen,3,22.36050955414013,1.069,21.921818181818185,0.728,21.941666666666663,29.251,3.0
2020,27,Belen,3,21.517532467532465,1.376,21.43109756097561,2.254,22.179166666666667,4.182,1.0
2020,30,Belen,1,21.11377245508982,2.478,21.12606060606061,2.173,22.36050955414013,1.069,1.0
2020,31,Belen,1,22.63154761904762,4.338,22.683832335329345,1.334,21.517532467532465,1.376,1.0
2020,33,Belen,1,22.53265306122449,11.477,22.63154761904762,4.338,22.683832335329345,1.334,1.0
2020,35,Belen,1,21.288622754491016,0.157,22.53265306122449,11.477,22.63154761904762,4.338,1.0
2020,36,Belen,1,21.273652694610774,4.556,21.538414634146346,0.427,23.7144578313253,0.441,1.0
2020,37,Belen,1,21.530379746835443,7.606,21.288622754491016,0.157,22.53265306122449,11.477,4.0
2020,39,Belen,4,21.70719424460432,0.004,21.530379746835443,7.606,21.288622754491016,0.157,2.0
2020,40,Belen,2,20.83405797101449,1.507,21.171794871794877,0.778,21.273652694610774,4.556,1.0
2020,44,Belen,1,21.112676056338028,4.684,21.753846153846155,6.502,20.83405797101449,1.507,2.0
2020,47,Belen,2,20.81556886227545,0.676,21.37393939393939,2.657,21.12546583850932,0.924,1.0
2020,48,Belen,1,21.475757575757576,0.175,20.275694444444444,0.732,21.112676056338028,4.684,2.0
2020,49,Belen,2,21.50718562874252,0.168,20.81556886227545,0.676,21.37393939393939,2.657,2.0
2020,50,Belen,2,21.87702702702703,0.104,21.475757575757576,0.175,20.275694444444444,0.732,1.0
2020,51,Belen,1,21.86625,6.224,21.50718562874252,0.168,20.81556886227545,0.676,1.0
2020,53,Belen,1,21.34331210191083,1.006,21.86625,6.224,21.50718562874252,0.168,1.0
2021,2,Belen,1,22.226595744680854,9.776,21.34331210191083,1.006,21.86625,6.224,2.0
2021,4,Belen,2,22.497350993377484,0.004,22.226595744680854,9.776,21.34331210191083,1.006,1.0
2021,5,Belen,1,23.397959183673468,1.098,22.061486486486487,3.492,20.79824561403509,4.157,2.0
2021,6,Belen,2,21.885802469135804,2.532,22.497350993377484,0.004,22.226595744680854,9.776,2.0
2021,7,Belen,2,21.081617647058824,0.768,23.397959183673468,1.098,22.061486486486487,3.492,1.0
2021,21,Belen,1,21.37559523809524,40.812,21.725,13.605,,0.0,1.0
2021,24,Belen,1,21.65952380952381,53.314,21.811904761904763,44.339,22.01077844311377,11.27,1.0
2021,26,Belen,1,22.07857142857143,20.0,21.65952380952381,53.314,21.811904761904763,44.339,1.0
2021,30,Belen,1,22.093333333333334,29.423,22.665269461077845,57.513,22.07857142857143,20.0,1.0
2021,33,Belen,1,20.85462962962963,26.892,22.59820359281437,14.463,22.704790419161675,13.932,1.0
2021,39,Belen,1,21.13869047619048,29.588,22.90974025974026,30.613,21.0,78.581,1.0
2021,43,Belen,1,20.47142857142857,70.393,21.166060606060608,55.467,21.13869047619048,29.588,1.0
2021,45,Belen,1,20.645454545454545,71.947,20.47142857142857,70.393,21.166060606060608,55.467,1.0
2021,49,Belen,1,21.98273809523809,1.032,20.374305555555555,52.711,20.645454545454545,71.947,
2017,1,Buenos Aires,12,20.30386904761905,11.716000000000001,,,,,4.0
2017,2,Buenos Aires,4,19.29287918871252,1.0390000000000001,,,,,11.0
2017,3,Buenos Aires,11,19.181688311688312,30.721,20.30386904761905,11.716000000000001,,,9.0
2017,4,Buenos Aires,9,20.63125,,19.29287918871252,1.0390000000000001,,,6.0
2017,5,Buenos Aires,6,21.180059523809526,1.5950000000000002,19.181688311688312,30.721,20.30386904761905,11.716000000000001,1.0
2017,6,Buenos Aires,1,21.408035714285717,1.8929999999999998,20.63125,,19.29287918871252,1.0390000000000001,4.0
2017,7,Buenos Aires,4,20.375515041345878,10.851,21.180059523809526,1.5950000000000002,19.181688311688312,30.721,3.0
2017,8,Buenos Aires,3,19.97134776095869,120.549,21.408035714285717,1.8929999999999998,20.63125,,3.0
2017,9,Buenos Aires,3,20.148988095238096,38.852000000000004,20.375515041345878,10.851,21.180059523809526,1.5950000000000002,4.0
2017,10,Buenos Aires,4,19.051488095238096,106.376,19.97134776095869,120.549,21.408035714285717,1.8929999999999998,2.0
2017,11,Buenos Aires,2,19.25224358974359,94.74199999999999,20.148988095238096,38.852000000000004,20.375515041345878,10.851,5.0
2017,12,Buenos Aires,5,19.27172619047619,105.09800000000001,19.051488095238096,106.376,19.97134776095869,120.549,1.0
2017,13,Buenos Aires,1,20.10198578746122,172.739,19.25224358974359,94.74199999999999,20.148988095238096,38.852000000000004,5.0
2017,14,Buenos Aires,5,21.110778443113773,44.946,19.27172619047619,105.09800000000001,19.051488095238096,106.376,5.0
2017,15,Buenos Aires,5,20.376488095238095,28.35,20.10198578746122,172.739,19.25224358974359,94.74199999999999,2.0
2017,16,Buenos Aires,2,20.133928571428577,33.571,21.110778443113773,44.946,19.27172619047619,105.09800000000001,1.0
2017,17,Buenos Aires,1,20.7125,120.792,20.376488095238095,28.35,20.10198578746122,172.739,5.0
2017,18,Buenos Aires,5,19.254166666666666,115.362,20.133928571428577,33.571,21.110778443113773,44.946,3.0
2017,20,Buenos Aires,3,20.583057100085547,147.251,19.254166666666666,115.362,20.133928571428577,33.571,3.0
2017,21,Buenos Aires,3,21.50029761904762,5.035,19.364150270886796,98.997,20.7125,120.792,1.0
2017,22,Buenos Aires,1,22.031569004847448,18.01,20.583057100085547,147.251,19.254166666666666,115.362,4.0
2017,23,Buenos Aires,4,20.687693452380955,103.055,21.50029761904762,5.035,19.364150270886796,98.997,2.0
2017,24,Buenos Aires,2,19.27596770744226,73.822,22.031569004847448,18.01,20.583057100085547,147.251,2.0
2017,25,Buenos Aires,2,20.299999999999997,58.189,20.687693452380955,103.055,21.50029761904762,5.035,3.0
2017,26,Buenos Aires,3,20.762824675324673,106.402,19.27596770744226,73.822,22.031569004847448,18.01,4.0
2017,27,Buenos Aires,4,22.02601351351351,6.064,20.299999999999997,58.189,20.687693452380955,103.055,4.0
2017,28,Buenos Aires,4,19.86391694725028,18.069,20.762824675324673,106.402,19.27596770744226,73.822,3.0
2017,29,Buenos Aires,3,21.29785973229225,23.009,22.02601351351351,6.064,20.299999999999997,58.189,2.0
2017,30,Buenos Aires,2,22.080308219178086,0.325,19.86391694725028,18.069,20.762824675324673,106.402,2.0
2017,31,Buenos Aires,2,20.839872798434442,27.232,21.29785973229225,23.009,22.02601351351351,6.064,1.0
2017,32,Buenos Aires,1,21.427187461811073,62.252,22.080308219178086,0.325,19.86391694725028,18.069,2.0
2017,34,Buenos Aires,2,20.984730538922154,27.445999999999998,21.427187461811073,62.252,22.080308219178086,0.325,1.0
2017,36,Buenos Aires,1,20.048809523809524,138.48200000000003,20.984730538922154,27.445999999999998,21.427187461811073,62.252,2.0
2017,37,Buenos Aires,2,20.543082368082366,108.944,20.95571535500428,45.766999999999996,20.811791944062186,80.828,2.0
2017,38,Buenos Aires,2,20.53001290877797,83.201,20.048809523809524,138.48200000000003,20.984730538922154,27.445999999999998,5.0
2017,39,Buenos Aires,5,19.83614982578397,60.737,20.543082368082366,108.944,20.95571535500428,45.766999999999996,1.0
2017,40,Buenos Aires,1,19.5602991355778,95.911,20.53001290877797,83.201,20.048809523809524,138.48200000000003,3.0
2017,42,Buenos Aires,3,21.79917857142857,36.388,19.5602991355778,95.911,20.53001290877797,83.201,3.0
2017,45,Buenos Aires,3,19.95096585804133,8.887,18.59555860805861,42.842,20.355227726365452,22.633000000000003,2.0
2017,46,Buenos Aires,2,19.21347147349506,104.48599999999999,19.52467532467532,51.763999999999996,21.79917857142857,36.388,2.0
2017,47,Buenos Aires,2,20.031569004847448,50.376999999999995,19.95096585804133,8.887,18.59555860805861,42.842,3.0
2017,51,Buenos Aires,3,20.676129261363638,0.0,20.544477911646588,117.631,20.031569004847448,50.376999999999995,1.0
2017,52,Buenos Aires,1,19.089713796477493,45.818,20.267112204163105,19.587,20.248511904761905,31.853,2.0
2018,1,Buenos Aires,2,19.193154761904765,102.94200000000001,20.676129261363638,0.0,20.544477911646588,117.631,4.0
2018,2,Buenos Aires,4,19.02767857142857,119.844,19.089713796477493,45.818,20.267112204163105,19.587,2.0
2018,3,Buenos Aires,2,19.335714285714282,39.298,19.193154761904765,102.94200000000001,20.676129261363638,0.0,1.0
2018,4,Buenos Aires,1,20.57010535890245,3.5540000000000003,19.02767857142857,119.844,19.089713796477493,45.818,1.0
2018,5,Buenos Aires,1,20.89712552742616,55.019,19.335714285714282,39.298,19.193154761904765,102.94200000000001,1.0
2018,6,Buenos Aires,1,20.715027239709435,0.202,20.57010535890245,3.5540000000000003,19.02767857142857,119.844,1.0
2018,8,Buenos Aires,1,20.60892857142857,22.154,20.715027239709435,0.202,20.57010535890245,3.5540000000000003,2.0
2018,9,Buenos Aires,2,21.317857142857143,7.182,21.39940476190476,58.16,20.89712552742616,55.019,1.0
2018,10,Buenos Aires,1,21.815285714285714,8.573,20.60892857142857,22.154,20.715027239709435,0.202,2.0
2018,12,Buenos Aires,2,19.967559523809523,124.558,21.815285714285714,8.573,20.60892857142857,22.154,1.0
2018,14,Buenos Aires,1,19.19099479612204,76.149,19.967559523809523,124.558,21.815285714285714,8.573,3.0
2018,15,Buenos Aires,3,19.22521742229826,140.014,19.54548581408611,157.524,21.319489614901325,12.459,1.0
2018,17,Buenos Aires,1,19.98843321226796,110.944,19.22521742229826,140.014,19.54548581408611,157.524,5.0
2018,18,Buenos Aires,5,19.686904761904763,97.144,20.69217992586256,33.08,19.19099479612204,76.149,1.0
2018,19,Buenos Aires,1,18.926375075346595,235.89100000000002,19.98843321226796,110.944,19.22521742229826,140.014,1.0
2018,20,Buenos Aires,1,19.373109138865125,174.89100000000002,19.686904761904763,97.144,20.69217992586256,33.08,3.0
2018,21,Buenos Aires,3,20.285416666666663,90.48,18.926375075346595,235.89100000000002,19.98843321226796,110.944,1.0
2018,23,Buenos Aires,1,21.702083333333334,1.981,20.285416666666663,90.48,18.926375075346595,235.89100000000002,1.0
2018,25,Buenos Aires,1,20.782665343915344,65.938,21.702083333333334,1.981,20.285416666666663,90.48,1.0
2018,26,Buenos Aires,1,19.641964285714288,35.028999999999996,21.077564513829483,40.980999999999995,20.247916666666665,124.488,2.0
2018,27,Buenos Aires,2,20.83869047619048,45.870000000000005,20.782665343915344,65.938,21.702083333333334,1.981,2.0
2018,29,Buenos Aires,2,21.19891906873614,18.116,20.83869047619048,45.870000000000005,20.782665343915344,65.938,1.0
2018,30,Buenos Aires,1,18.92559523809524,28.7,21.99434523809524,2.033,19.641964285714288,35.028999999999996,1.0
2018,31,Buenos Aires,1,18.89593253968254,34.6,21.19891906873614,18.116,20.83869047619048,45.870000000000005,3.0
2018,32,Buenos Aires,3,21.707008448540705,0.033,18.92559523809524,28.7,21.99434523809524,2.033,1.0
2018,34,Buenos Aires,1,21.933630952380952,9.211,21.707008448540705,0.033,18.92559523809524,28.7,1.0
2018,35,Buenos Aires,1,21.44077380952381,28.060000000000002,21.16390977443609,38.207,18.89593253968254,34.6,1.0
2018,36,Buenos Aires,1,19.647619047619045,167.208,21.933630952380952,9.211,21.707008448540705,0.033,1.0
2018,37,Buenos Aires,1,19.54732142857143,101.31299999999999,21.44077380952381,28.060000000000002,21.16390977443609,38.207,1.0
2018,39,Buenos Aires,1,20.383035714285715,132.032,19.54732142857143,101.31299999999999,21.44077380952381,28.060000000000002,2.0
2018,40,Buenos Aires,2,19.59791666666667,244.417,21.439583333333335,43.509,19.647619047619045,167.208,2.0
2018,41,Buenos Aires,2,19.407738095238095,81.641,20.383035714285715,132.032,19.54732142857143,101.31299999999999,1.0
2018,43,Buenos Aires,1,20.06755952380952,44.153,19.407738095238095,81.641,20.383035714285715,132.032,1.0
2018,44,Buenos Aires,1,19.163027680397313,121.576,19.423627744510977,107.757,19.59791666666667,244.417,1.0
2018,45,Buenos Aires,1,19.776190476190475,36.817,20.06755952380952,44.153,19.407738095238095,81.641,1.0
2018,46,Buenos Aires,1,20.524666737952664,43.536,19.163027680397313,121.576,19.423627744510977,107.757,3.0
2018,47,Buenos Aires,3,20.163392857142856,228.88299999999998,19.776190476190475,36.817,20.06755952380952,44.153,2.0
2018,50,Buenos Aires,2,20.68204604130809,6.422000000000001,19.56934523809524,38.900999999999996,20.524666737952664,43.536,1.0
2018,51,Buenos Aires,1,20.358630952380953,5.2010000000000005,19.92142857142857,11.767,20.163392857142856,228.88299999999998,1.0
2018,52,Buenos Aires,1,21.199107142857144,0.0,20.68204604130809,6.422000000000001,19.56934523809524,38.900999999999996,1.0
2019,1,Buenos Aires,1,21.702083333333334,48.616,20.358630952380953,5.2010000000000005,19.92142857142857,11.767,2.0
2019,2,Buenos Aires,2,19.181845238095235,44.163,21.199107142857144,0.0,20.68204604130809,6.422000000000001,4.0
2019,3,Buenos Aires,4,20.54761904761905,16.539,21.702083333333334,48.616,20.358630952380953,5.2010000000000005,2.0
2019,5,Buenos Aires,2,20.58469489592244,19.978,20.54761904761905,16.539,21.702083333333334,48.616,3.0
2019,7,Buenos Aires,3,21.84583333333333,2.823,20.58469489592244,19.978,20.54761904761905,16.539,1.0
2019,11,Buenos Aires,1,21.175892857142856,14.3,19.816071428571426,121.411,21.84583333333333,2.823,2.0
2019,14,Buenos Aires,2,19.54794426048565,81.5,19.45817805383023,68.6,21.135758839463932,25.105,1.0
2019,15,Buenos Aires,1,20.6625,45.8,20.43244047619048,65.8,21.175892857142856,14.3,2.0
2019,16,Buenos Aires,2,20.26900662959795,30.4,19.54794426048565,81.5,19.45817805383023,68.6,1.0
2019,18,Buenos Aires,1,22.4164156626506,0.0,20.26900662959795,30.4,19.54794426048565,81.5,1.0
2019,19,Buenos Aires,1,20.93189117929051,38.6,20.517857142857146,35.1,20.6625,45.8,2.0
2019,20,Buenos Aires,2,20.026488095238093,73.3,22.4164156626506,0.0,20.26900662959795,30.4,1.0
2019,21,Buenos Aires,1,19.680952380952377,64.3,20.93189117929051,38.6,20.517857142857146,35.1,1.0
2019,26,Buenos Aires,1,21.656854148845166,3.2,21.176957831325304,18.4,19.456845238095237,62.1,4.0
2019,27,Buenos Aires,4,20.96992621899059,38.1,22.412554112554112,0.1,20.99731784279977,37.8,1.0
2019,28,Buenos Aires,1,20.98482142857143,29.8,21.656854148845166,3.2,21.176957831325304,18.4,2.0
2019,29,Buenos Aires,2,21.879348445965213,10.1,20.96992621899059,38.1,22.412554112554112,0.1,2.0
2019,31,Buenos Aires,2,21.598642857142856,8.8,21.879348445965213,10.1,20.96992621899059,38.1,1.0
2019,32,Buenos Aires,1,22.56467770034843,0.0,20.987724550898204,21.4,20.98482142857143,29.8,1.0
2019,33,Buenos Aires,1,21.651785714285715,6.1,21.598642857142856,8.8,21.879348445965213,10.1,2.0
2019,34,Buenos Aires,2,22.284559452523524,1.874,22.56467770034843,0.0,20.987724550898204,21.4,1.0
2019,35,Buenos Aires,1,22.22268246187364,3.834,21.651785714285715,6.1,21.598642857142856,8.8,3.0
2019,37,Buenos Aires,3,22.580755649717513,93.228,22.22268246187364,3.834,21.651785714285715,6.1,1.0
2019,38,Buenos Aires,1,19.6575,72.412,22.34106060606061,51.072,22.284559452523524,1.874,1.0
2019,39,Buenos Aires,1,20.242107716580605,84.449,22.580755649717513,93.228,22.22268246187364,3.834,2.0
2019,40,Buenos Aires,2,19.811947533504423,64.07900000000001,19.6575,72.412,22.34106060606061,51.072,2.0
2019,41,Buenos Aires,2,19.94417347123934,33.158,20.242107716580605,84.449,22.580755649717513,93.228,3.0
2019,42,Buenos Aires,3,19.741271645021644,77.337,19.811947533504423,64.07900000000001,19.6575,72.412,2.0
2019,43,Buenos Aires,2,19.449855945521215,123.856,19.94417347123934,33.158,20.242107716580605,84.449,1.0
2019,44,Buenos Aires,1,20.33673054587689,99.606,19.741271645021644,77.337,19.811947533504423,64.07900000000001,2.0
2019,45,Buenos Aires,2,20.32371212121212,90.394,19.449855945521215,123.856,19.94417347123934,33.158,1.0
2019,46,Buenos Aires,1,19.280833333333334,86.971,20.33673054587689,99.606,19.741271645021644,77.337,2.0
2019,47,Buenos Aires,2,19.34214826839827,179.652,20.32371212121212,90.394,19.449855945521215,123.856,2.0
2019,48,Buenos Aires,2,21.175400983746794,15.971,19.280833333333334,86.971,20.33673054587689,99.606,2.0
2019,49,Buenos Aires,2,20.334424603174604,19.691000000000003,19.34214826839827,179.652,20.32371212121212,90.394,1.0
2019,50,Buenos Aires,1,19.78839285714286,65.613,21.175400983746794,15.971,19.280833333333334,86.971,2.0
2019,51,Buenos Aires,2,21.011607142857144,19.577,20.334424603174604,19.691000000000003,19.34214826839827,179.652,3.0
2020,1,Buenos Aires,3,20.126536796536797,30.362,21.011607142857144,19.577,20.334424603174604,19.691000000000003,2.0
2020,2,Buenos Aires,2,20.4320533888402,0.0,21.583768177929855,44.2,19.78839285714286,65.613,2.0
2020,3,Buenos Aires,2,22.372500815394652,0.0,20.126536796536797,30.362,21.011607142857144,19.577,2.0
2020,6,Buenos Aires,2,21.638881401617247,3.067,20.1506599378882,74.81,20.4320533888402,0.0,1.0
2020,8,Buenos Aires,1,22.024197722567287,66.928,21.638881401617247,3.067,20.1506599378882,74.81,1.0
2020,11,Buenos Aires,1,20.87708333333333,58.356,21.29524600504626,6.045,22.251461723930078,11.719000000000001,3.0
2020,12,Buenos Aires,3,20.727558016877637,24.101999999999997,22.29136904761905,2.717,22.024197722567287,66.928,1.0
2020,14,Buenos Aires,1,22.622377622377623,17.193,20.727558016877637,24.101999999999997,22.29136904761905,2.717,1.0
2020,15,Buenos Aires,1,23.511805555555554,16.224,21.103600750645086,14.557,20.87708333333333,58.356,1.0
2020,19,Buenos Aires,1,24.81878787878788,3.148,21.92035928143713,5.307,23.511805555555554,16.224,1.0
2020,22,Buenos Aires,1,21.941666666666663,29.251,23.538607594936707,3.535,23.235928143712574,1.909,1.0
2020,25,Buenos Aires,1,21.43109756097561,2.254,22.179166666666667,4.182,23.55875,15.329,1.0
2020,26,Buenos Aires,1,22.36050955414013,1.069,21.921818181818185,0.728,21.941666666666663,29.251,1.0
2020,27,Buenos Aires,1,21.517532467532465,1.376,21.43109756097561,2.254,22.179166666666667,4.182,1.0
2020,29,Buenos Aires,1,22.683832335329345,1.334,21.517532467532465,1.376,21.43109756097561,2.254,1.0
2020,31,Buenos Aires,1,22.63154761904762,4.338,22.683832335329345,1.334,21.517532467532465,1.376,1.0
2020,42,Buenos Aires,1,21.753846153846155,6.502,20.83405797101449,1.507,21.171794871794877,0.778,1.0
2020,44,Buenos Aires,1,21.112676056338028,4.684,21.753846153846155,6.502,20.83405797101449,1.507,1.0
2020,48,Buenos Aires,1,21.475757575757576,0.175,20.275694444444444,0.732,21.112676056338028,4.684,1.0
2020,50,Buenos Aires,1,21.87702702702703,0.104,21.475757575757576,0.175,20.275694444444444,0.732,2.0
2020,52,Buenos Aires,2,21.16216216216216,41.654,21.87702702702703,0.104,21.475757575757576,0.175,1.0
2021,27,Buenos Aires,1,22.5874251497006,20.381,20.59583333333333,35.75,20.729936305732483,63.645,1.0
2021,32,Buenos Aires,1,21.43956834532374,48.203,22.093333333333334,29.423,22.665269461077845,57.513,1.0
2021,34,Buenos Aires,1,21.30328947368421,29.291,21.43956834532374,48.203,22.093333333333334,29.423,1.0
2021,40,Buenos Aires,1,22.26095890410959,26.694,21.57202797202797,41.942,20.991071428571427,28.044,1.0
2021,41,Buenos Aires,1,21.166060606060608,55.467,21.13869047619048,29.588,22.90974025974026,30.613,1.0
2021,43,Buenos Aires,1,20.47142857142857,70.393,21.166060606060608,55.467,21.13869047619048,29.588,1.0
2021,45,Buenos Aires,1,20.645454545454545,71.947,20.47142857142857,70.393,21.166060606060608,55.467,1.0
2021,46,Buenos Aires,1,21.20969696969697,32.828,21.271856287425152,6.029,21.2375,39.122,1.0
2021,47,Buenos Aires,1,20.374305555555555,52.711,20.645454545454545,71.947,20.47142857142857,70.393,1.0
2021,52,Buenos Aires,1,21.106586826347307,16.294999999999998,21.12619047619048,16.234,21.5,38.38,
2017,1,Castilla,3,20.30386904761905,11.716000000000001,,,,,5.0
2017,2,Castilla,5,19.29287918871252,1.0390000000000001,,,,,1.0
2017,3,Castilla,1,19.181688311688312,30.721,20.30386904761905,11.716000000000001,,,2.0
2017,5,Castilla,2,21.180059523809526,1.5950000000000002,19.181688311688312,30.721,20.30386904761905,11.716000000000001,1.0
2017,6,Castilla,1,21.408035714285717,1.8929999999999998,20.63125,,19.29287918871252,1.0390000000000001,1.0
2017,7,Castilla,1,20.375515041345878,10.851,21.180059523809526,1.5950000000000002,19.181688311688312,30.721,1.0
2017,8,Castilla,1,19.97134776095869,120.549,21.408035714285717,1.8929999999999998,20.63125,,5.0
2017,9,Castilla,5,20.148988095238096,38.852000000000004,20.375515041345878,10.851,21.180059523809526,1.5950000000000002,4.0
2017,10,Castilla,4,19.051488095238096,106.376,19.97134776095869,120.549,21.408035714285717,1.8929999999999998,1.0
2017,12,Castilla,1,19.27172619047619,105.09800000000001,19.051488095238096,106.376,19.97134776095869,120.549,2.0
2017,13,Castilla,2,20.10198578746122,172.739,19.25224358974359,94.74199999999999,20.148988095238096,38.852000000000004,3.0
2017,14,Castilla,3,21.110778443113773,44.946,19.27172619047619,105.09800000000001,19.051488095238096,106.376,1.0
2017,15,Castilla,1,20.376488095238095,28.35,20.10198578746122,172.739,19.25224358974359,94.74199999999999,3.0
2017,16,Castilla,3,20.133928571428577,33.571,21.110778443113773,44.946,19.27172619047619,105.09800000000001,3.0
2017,17,Castilla,3,20.7125,120.792,20.376488095238095,28.35,20.10198578746122,172.739,4.0
2017,18,Castilla,4,19.254166666666666,115.362,20.133928571428577,33.571,21.110778443113773,44.946,2.0
2017,19,Castilla,2,19.364150270886796,98.997,20.7125,120.792,20.376488095238095,28.35,2.0
2017,20,Castilla,2,20.583057100085547,147.251,19.254166666666666,115.362,20.133928571428577,33.571,2.0
2017,21,Castilla,2,21.50029761904762,5.035,19.364150270886796,98.997,20.7125,120.792,1.0
2017,23,Castilla,1,20.687693452380955,103.055,21.50029761904762,5.035,19.364150270886796,98.997,3.0
2017,24,Castilla,3,19.27596770744226,73.822,22.031569004847448,18.01,20.583057100085547,147.251,2.0
2017,25,Castilla,2,20.299999999999997,58.189,20.687693452380955,103.055,21.50029761904762,5.035,2.0
2017,26,Castilla,2,20.762824675324673,106.402,19.27596770744226,73.822,22.031569004847448,18.01,4.0
2017,28,Castilla,4,19.86391694725028,18.069,20.762824675324673,106.402,19.27596770744226,73.822,1.0
2017,29,Castilla,1,21.29785973229225,23.009,22.02601351351351,6.064,20.299999999999997,58.189,2.0
2017,30,Castilla,2,22.080308219178086,0.325,19.86391694725028,18.069,20.762824675324673,106.402,1.0
2017,32,Castilla,1,21.427187461811073,62.252,22.080308219178086,0.325,19.86391694725028,18.069,1.0
2017,33,Castilla,1,20.811791944062186,80.828,20.839872798434442,27.232,21.29785973229225,23.009,1.0
2017,34,Castilla,1,20.984730538922154,27.445999999999998,21.427187461811073,62.252,22.080308219178086,0.325,1.0
2017,35,Castilla,1,20.95571535500428,45.766999999999996,20.811791944062186,80.828,20.839872798434442,27.232,2.0
2017,36,Castilla,2,20.048809523809524,138.48200000000003,20.984730538922154,27.445999999999998,21.427187461811073,62.252,1.0
2017,37,Castilla,1,20.543082368082366,108.944,20.95571535500428,45.766999999999996,20.811791944062186,80.828,2.0
2017,38,Castilla,2,20.53001290877797,83.201,20.048809523809524,138.48200000000003,20.984730538922154,27.445999999999998,3.0
2017,39,Castilla,3,19.83614982578397,60.737,20.543082368082366,108.944,20.95571535500428,45.766999999999996,3.0
2017,40,Castilla,3,19.5602991355778,95.911,20.53001290877797,83.201,20.048809523809524,138.48200000000003,4.0
2017,41,Castilla,4,20.355227726365452,22.633000000000003,19.83614982578397,60.737,20.543082368082366,108.944,3.0
2017,42,Castilla,3,21.79917857142857,36.388,19.5602991355778,95.911,20.53001290877797,83.201,4.0
2017,43,Castilla,4,18.59555860805861,42.842,20.355227726365452,22.633000000000003,19.83614982578397,60.737,2.0
2017,46,Castilla,2,19.21347147349506,104.48599999999999,19.52467532467532,51.763999999999996,21.79917857142857,36.388,1.0
2017,47,Castilla,1,20.031569004847448,50.376999999999995,19.95096585804133,8.887,18.59555860805861,42.842,4.0
2017,48,Castilla,4,20.248511904761905,31.853,19.21347147349506,104.48599999999999,19.52467532467532,51.763999999999996,3.0
2017,49,Castilla,3,20.544477911646588,117.631,20.031569004847448,50.376999999999995,19.95096585804133,8.887,2.0
2017,50,Castilla,2,20.267112204163105,19.587,20.248511904761905,31.853,19.21347147349506,104.48599999999999,1.0
2017,51,Castilla,1,20.676129261363638,0.0,20.544477911646588,117.631,20.031569004847448,50.376999999999995,3.0
2018,2,Castilla,3,19.02767857142857,119.844,19.089713796477493,45.818,20.267112204163105,19.587,2.0
2018,3,Castilla,2,19.335714285714282,39.298,19.193154761904765,102.94200000000001,20.676129261363638,0.0,2.0
2018,9,Castilla,2,21.317857142857143,7.182,21.39940476190476,58.16,20.89712552742616,55.019,1.0
2018,10,Castilla,1,21.815285714285714,8.573,20.60892857142857,22.154,20.715027239709435,0.202,1.0
2018,12,Castilla,1,19.967559523809523,124.558,21.815285714285714,8.573,20.60892857142857,22.154,2.0
2018,14,Castilla,2,19.19099479612204,76.149,19.967559523809523,124.558,21.815285714285714,8.573,1.0
2018,15,Castilla,1,19.22521742229826,140.014,19.54548581408611,157.524,21.319489614901325,12.459,1.0
2018,19,Castilla,1,18.926375075346595,235.89100000000002,19.98843321226796,110.944,19.22521742229826,140.014,2.0
2018,20,Castilla,2,19.373109138865125,174.89100000000002,19.686904761904763,97.144,20.69217992586256,33.08,2.0
2018,21,Castilla,2,20.285416666666663,90.48,18.926375075346595,235.89100000000002,19.98843321226796,110.944,1.0
2018,22,Castilla,1,20.247916666666665,124.488,19.373109138865125,174.89100000000002,19.686904761904763,97.144,1.0
2018,25,Castilla,1,20.782665343915344,65.938,21.702083333333334,1.981,20.285416666666663,90.48,1.0
2018,26,Castilla,1,19.641964285714288,35.028999999999996,21.077564513829483,40.980999999999995,20.247916666666665,124.488,1.0
2018,28,Castilla,1,21.99434523809524,2.033,19.641964285714288,35.028999999999996,21.077564513829483,40.980999999999995,2.0
2018,29,Castilla,2,21.19891906873614,18.116,20.83869047619048,45.870000000000005,20.782665343915344,65.938,1.0
2018,31,Castilla,1,18.89593253968254,34.6,21.19891906873614,18.116,20.83869047619048,45.870000000000005,1.0
2018,32,Castilla,1,21.707008448540705,0.033,18.92559523809524,28.7,21.99434523809524,2.033,2.0
2018,33,Castilla,2,21.16390977443609,38.207,18.89593253968254,34.6,21.19891906873614,18.116,3.0
2018,34,Castilla,3,21.933630952380952,9.211,21.707008448540705,0.033,18.92559523809524,28.7,2.0
2018,35,Castilla,2,21.44077380952381,28.060000000000002,21.16390977443609,38.207,18.89593253968254,34.6,2.0
2018,36,Castilla,2,19.647619047619045,167.208,21.933630952380952,9.211,21.707008448540705,0.033,1.0
2018,37,Castilla,1,19.54732142857143,101.31299999999999,21.44077380952381,28.060000000000002,21.16390977443609,38.207,2.0
2018,39,Castilla,2,20.383035714285715,132.032,19.54732142857143,101.31299999999999,21.44077380952381,28.060000000000002,1.0
2018,41,Castilla,1,19.407738095238095,81.641,20.383035714285715,132.032,19.54732142857143,101.31299999999999,1.0
2018,42,Castilla,1,19.423627744510977,107.757,19.59791666666667,244.417,21.439583333333335,43.509,2.0
2018,43,Castilla,2,20.06755952380952,44.153,19.407738095238095,81.641,20.383035714285715,132.032,1.0
2018,44,Castilla,1,19.163027680397313,121.576,19.423627744510977,107.757,19.59791666666667,244.417,3.0
2018,45,Castilla,3,19.776190476190475,36.817,20.06755952380952,44.153,19.407738095238095,81.641,1.0
2018,48,Castilla,1,19.56934523809524,38.900999999999996,20.524666737952664,43.536,19.163027680397313,121.576,2.0
2018,49,Castilla,2,19.92142857142857,11.767,20.163392857142856,228.88299999999998,19.776190476190475,36.817,1.0
2018,50,Castilla,1,20.68204604130809,6.422000000000001,19.56934523809524,38.900999999999996,20.524666737952664,43.536,3.0
2018,51,Castilla,3,20.358630952380953,5.2010000000000005,19.92142857142857,11.767,20.163392857142856,228.88299999999998,2.0
2019,1,Castilla,2,21.702083333333334,48.616,20.358630952380953,5.2010000000000005,19.92142857142857,11.767,1.0
2019,4,Castilla,1,21.96904761904762,0.876,19.181845238095235,44.163,21.199107142857144,0.0,1.0
2019,5,Castilla,1,20.58469489592244,19.978,20.54761904761905,16.539,21.702083333333334,48.616,1.0
2019,6,Castilla,1,20.980059523809523,0.732,21.96904761904762,0.876,19.181845238095235,44.163,1.0
2019,7,Castilla,1,21.84583333333333,2.823,20.58469489592244,19.978,20.54761904761905,16.539,1.0
2019,9,Castilla,1,19.816071428571426,121.411,21.84583333333333,2.823,20.58469489592244,19.978,1.0
2019,10,Castilla,1,21.135758839463932,25.105,20.707722055888226,105.743,20.980059523809523,0.732,1.0
2019,11,Castilla,1,21.175892857142856,14.3,19.816071428571426,121.411,21.84583333333333,2.823,1.0
2019,14,Castilla,1,19.54794426048565,81.5,19.45817805383023,68.6,21.135758839463932,25.105,1.0
2019,15,Castilla,1,20.6625,45.8,20.43244047619048,65.8,21.175892857142856,14.3,1.0
2019,16,Castilla,1,20.26900662959795,30.4,19.54794426048565,81.5,19.45817805383023,68.6,2.0
2019,20,Castilla,2,20.026488095238093,73.3,22.4164156626506,0.0,20.26900662959795,30.4,4.0
2019,21,Castilla,4,19.680952380952377,64.3,20.93189117929051,38.6,20.517857142857146,35.1,4.0
2019,22,Castilla,4,19.456845238095237,62.1,20.026488095238093,73.3,22.4164156626506,0.0,2.0
2019,23,Castilla,2,20.99731784279977,37.8,19.680952380952377,64.3,20.93189117929051,38.6,3.0
2019,24,Castilla,3,21.176957831325304,18.4,19.456845238095237,62.1,20.026488095238093,73.3,3.0
2019,25,Castilla,3,22.412554112554112,0.1,20.99731784279977,37.8,19.680952380952377,64.3,2.0
2019,26,Castilla,2,21.656854148845166,3.2,21.176957831325304,18.4,19.456845238095237,62.1,6.0
2019,27,Castilla,6,20.96992621899059,38.1,22.412554112554112,0.1,20.99731784279977,37.8,1.0
2019,28,Castilla,1,20.98482142857143,29.8,21.656854148845166,3.2,21.176957831325304,18.4,2.0
2019,29,Castilla,2,21.879348445965213,10.1,20.96992621899059,38.1,22.412554112554112,0.1,4.0
2019,30,Castilla,4,20.987724550898204,21.4,20.98482142857143,29.8,21.656854148845166,3.2,1.0
2019,31,Castilla,1,21.598642857142856,8.8,21.879348445965213,10.1,20.96992621899059,38.1,4.0
2019,32,Castilla,4,22.56467770034843,0.0,20.987724550898204,21.4,20.98482142857143,29.8,3.0
2019,33,Castilla,3,21.651785714285715,6.1,21.598642857142856,8.8,21.879348445965213,10.1,3.0
2019,35,Castilla,3,22.22268246187364,3.834,21.651785714285715,6.1,21.598642857142856,8.8,3.0
2019,37,Castilla,3,22.580755649717513,93.228,22.22268246187364,3.834,21.651785714285715,6.1,1.0
2019,40,Castilla,1,19.811947533504423,64.07900000000001,19.6575,72.412,22.34106060606061,51.072,1.0
2019,43,Castilla,1,19.449855945521215,123.856,19.94417347123934,33.158,20.242107716580605,84.449,1.0
2019,45,Castilla,1,20.32371212121212,90.394,19.449855945521215,123.856,19.94417347123934,33.158,1.0
2019,46,Castilla,1,19.280833333333334,86.971,20.33673054587689,99.606,19.741271645021644,77.337,2.0
2019,47,Castilla,2,19.34214826839827,179.652,20.32371212121212,90.394,19.449855945521215,123.856,1.0
2019,49,Castilla,1,20.334424603174604,19.691000000000003,19.34214826839827,179.652,20.32371212121212,90.394,2.0
2019,50,Castilla,2,19.78839285714286,65.613,21.175400983746794,15.971,19.280833333333334,86.971,1.0
2019,51,Castilla,1,21.011607142857144,19.577,20.334424603174604,19.691000000000003,19.34214826839827,179.652,2.0
2019,52,Castilla,2,21.583768177929855,44.2,19.78839285714286,65.613,21.175400983746794,15.971,1.0
2020,1,Castilla,1,20.126536796536797,30.362,21.011607142857144,19.577,20.334424603174604,19.691000000000003,1.0
2020,2,Castilla,1,20.4320533888402,0.0,21.583768177929855,44.2,19.78839285714286,65.613,2.0
2020,3,Castilla,2,22.372500815394652,0.0,20.126536796536797,30.362,21.011607142857144,19.577,1.0
2020,4,Castilla,1,20.1506599378882,74.81,20.4320533888402,0.0,21.583768177929855,44.2,1.0
2020,5,Castilla,1,20.95476907630522,30.737000000000002,22.372500815394652,0.0,20.126536796536797,30.362,1.0
2020,6,Castilla,1,21.638881401617247,3.067,20.1506599378882,74.81,20.4320533888402,0.0,1.0
2020,8,Castilla,1,22.024197722567287,66.928,21.638881401617247,3.067,20.1506599378882,74.81,3.0
2020,9,Castilla,3,21.29524600504626,6.045,22.251461723930078,11.719000000000001,20.95476907630522,30.737000000000002,2.0
2020,10,Castilla,2,22.29136904761905,2.717,22.024197722567287,66.928,21.638881401617247,3.067,3.0
2020,11,Castilla,3,20.87708333333333,58.356,21.29524600504626,6.045,22.251461723930078,11.719000000000001,1.0
2020,12,Castilla,1,20.727558016877637,24.101999999999997,22.29136904761905,2.717,22.024197722567287,66.928,2.0
2020,20,Castilla,2,23.538607594936707,3.535,23.235928143712574,1.909,21.433532934131737,28.7,1.0
2020,29,Castilla,1,22.683832335329345,1.334,21.517532467532465,1.376,21.43109756097561,2.254,1.0
2020,30,Castilla,1,21.11377245508982,2.478,21.12606060606061,2.173,22.36050955414013,1.069,1.0
2020,38,Castilla,1,21.171794871794877,0.778,21.273652694610774,4.556,21.538414634146346,0.427,1.0
2020,39,Castilla,1,21.70719424460432,0.004,21.530379746835443,7.606,21.288622754491016,0.157,1.0
2020,43,Castilla,1,21.12546583850932,0.924,21.17910447761194,0.004,21.70719424460432,0.004,1.0
2020,47,Castilla,1,20.81556886227545,0.676,21.37393939393939,2.657,21.12546583850932,0.924,1.0
2020,52,Castilla,1,21.16216216216216,41.654,21.87702702702703,0.104,21.475757575757576,0.175,1.0
2021,4,Castilla,1,22.497350993377484,0.004,22.226595744680854,9.776,21.34331210191083,1.006,1.0
2021,12,Castilla,1,20.632608695652173,53.73,20.119266055045877,22.298,22.01095890410959,13.375,1.0
2021,15,Castilla,1,22.4336,9.414,21.968852459016396,14.651,19.77338129496403,121.614,1.0
2021,18,Castilla,1,18.33333333333333,0.321,27.0,0.0,21.49051724137931,13.827,1.0
2021,21,Castilla,1,21.37559523809524,40.812,21.725,13.605,,0.0,1.0
2021,25,Castilla,1,20.59583333333333,35.75,20.729936305732483,63.645,21.37559523809524,40.812,1.0
2021,31,Castilla,1,22.59820359281437,14.463,22.704790419161675,13.932,22.5874251497006,20.381,1.0
2021,33,Castilla,1,20.85462962962963,26.892,22.59820359281437,14.463,22.704790419161675,13.932,2.0
2021,40,Castilla,2,22.26095890410959,26.694,21.57202797202797,41.942,20.991071428571427,28.044,
2017,1,Corregimiento De San Cristobal,3,20.30386904761905,11.716000000000001,,,,,2.0
2017,2,Corregimiento De San Cristobal,2,19.29287918871252,1.0390000000000001,,,,,1.0
2017,3,Corregimiento De San Cristobal,1,19.181688311688312,30.721,20.30386904761905,11.716000000000001,,,2.0
2017,4,Corregimiento De San Cristobal,2,20.63125,,19.29287918871252,1.0390000000000001,,,2.0
2017,5,Corregimiento De San Cristobal,2,21.180059523809526,1.5950000000000002,19.181688311688312,30.721,20.30386904761905,11.716000000000001,1.0
2017,6,Corregimiento De San Cristobal,1,21.408035714285717,1.8929999999999998,20.63125,,19.29287918871252,1.0390000000000001,1.0
2017,10,Corregimiento De San Cristobal,1,19.051488095238096,106.376,19.97134776095869,120.549,21.408035714285717,1.8929999999999998,1.0
2017,11,Corregimiento De San Cristobal,1,19.25224358974359,94.74199999999999,20.148988095238096,38.852000000000004,20.375515041345878,10.851,2.0
2017,13,Corregimiento De San Cristobal,2,20.10198578746122,172.739,19.25224358974359,94.74199999999999,20.148988095238096,38.852000000000004,1.0
2017,14,Corregimiento De San Cristobal,1,21.110778443113773,44.946,19.27172619047619,105.09800000000001,19.051488095238096,106.376,1.0
2017,15,Corregimiento De San Cristobal,1,20.376488095238095,28.35,20.10198578746122,172.739,19.25224358974359,94.74199999999999,1.0
2017,16,Corregimiento De San Cristobal,1,20.133928571428577,33.571,21.110778443113773,44.946,19.27172619047619,105.09800000000001,1.0
2017,17,Corregimiento De San Cristobal,1,20.7125,120.792,20.376488095238095,28.35,20.10198578746122,172.739,2.0
2017,18,Corregimiento De San Cristobal,2,19.254166666666666,115.362,20.133928571428577,33.571,21.110778443113773,44.946,1.0
2017,19,Corregimiento De San Cristobal,1,19.364150270886796,98.997,20.7125,120.792,20.376488095238095,28.35,2.0
2017,20,Corregimiento De San Cristobal,2,20.583057100085547,147.251,19.254166666666666,115.362,20.133928571428577,33.571,4.0
2017,21,Corregimiento De San Cristobal,4,21.50029761904762,5.035,19.364150270886796,98.997,20.7125,120.792,3.0
2017,22,Corregimiento De San Cristobal,3,22.031569004847448,18.01,20.583057100085547,147.251,19.254166666666666,115.362,2.0
2017,23,Corregimiento De San Cristobal,2,20.687693452380955,103.055,21.50029761904762,5.035,19.364150270886796,98.997,2.0
2017,24,Corregimiento De San Cristobal,2,19.27596770744226,73.822,22.031569004847448,18.01,20.583057100085547,147.251,1.0
2017,26,Corregimiento De San Cristobal,1,20.762824675324673,106.402,19.27596770744226,73.822,22.031569004847448,18.01,3.0
2017,27,Corregimiento De San Cristobal,3,22.02601351351351,6.064,20.299999999999997,58.189,20.687693452380955,103.055,4.0
2017,28,Corregimiento De San Cristobal,4,19.86391694725028,18.069,20.762824675324673,106.402,19.27596770744226,73.822,2.0
2017,29,Corregimiento De San Cristobal,2,21.29785973229225,23.009,22.02601351351351,6.064,20.299999999999997,58.189,1.0
2017,32,Corregimiento De San Cristobal,1,21.427187461811073,62.252,22.080308219178086,0.325,19.86391694725028,18.069,1.0
2017,35,Corregimiento De San Cristobal,1,20.95571535500428,45.766999999999996,20.811791944062186,80.828,20.839872798434442,27.232,1.0
2017,36,Corregimiento De San Cristobal,1,20.048809523809524,138.48200000000003,20.984730538922154,27.445999999999998,21.427187461811073,62.252,1.0
2017,38,Corregimiento De San Cristobal,1,20.53001290877797,83.201,20.048809523809524,138.48200000000003,20.984730538922154,27.445999999999998,1.0
2017,41,Corregimiento De San Cristobal,1,20.355227726365452,22.633000000000003,19.83614982578397,60.737,20.543082368082366,108.944,2.0
2017,42,Corregimiento De San Cristobal,2,21.79917857142857,36.388,19.5602991355778,95.911,20.53001290877797,83.201,1.0
2017,43,Corregimiento De San Cristobal,1,18.59555860805861,42.842,20.355227726365452,22.633000000000003,19.83614982578397,60.737,1.0
2017,44,Corregimiento De San Cristobal,1,19.52467532467532,51.763999999999996,21.79917857142857,36.388,19.5602991355778,95.911,1.0
2017,49,Corregimiento De San Cristobal,1,20.544477911646588,117.631,20.031569004847448,50.376999999999995,19.95096585804133,8.887,1.0
2017,51,Corregimiento De San Cristobal,1,20.676129261363638,0.0,20.544477911646588,117.631,20.031569004847448,50.376999999999995,1.0
2018,2,Corregimiento De San Cristobal,1,19.02767857142857,119.844,19.089713796477493,45.818,20.267112204163105,19.587,1.0
2018,5,Corregimiento De San Cristobal,1,20.89712552742616,55.019,19.335714285714282,39.298,19.193154761904765,102.94200000000001,2.0
2018,8,Corregimiento De San Cristobal,2,20.60892857142857,22.154,20.715027239709435,0.202,20.57010535890245,3.5540000000000003,1.0
2018,13,Corregimiento De San Cristobal,1,19.54548581408611,157.524,21.319489614901325,12.459,21.317857142857143,7.182,1.0
2018,14,Corregimiento De San Cristobal,1,19.19099479612204,76.149,19.967559523809523,124.558,21.815285714285714,8.573,1.0
2018,17,Corregimiento De San Cristobal,1,19.98843321226796,110.944,19.22521742229826,140.014,19.54548581408611,157.524,2.0
2018,18,Corregimiento De San Cristobal,2,19.686904761904763,97.144,20.69217992586256,33.08,19.19099479612204,76.149,1.0
2018,25,Corregimiento De San Cristobal,1,20.782665343915344,65.938,21.702083333333334,1.981,20.285416666666663,90.48,3.0
2018,28,Corregimiento De San Cristobal,3,21.99434523809524,2.033,19.641964285714288,35.028999999999996,21.077564513829483,40.980999999999995,2.0
2018,29,Corregimiento De San Cristobal,2,21.19891906873614,18.116,20.83869047619048,45.870000000000005,20.782665343915344,65.938,1.0
2018,31,Corregimiento De San Cristobal,1,18.89593253968254,34.6,21.19891906873614,18.116,20.83869047619048,45.870000000000005,1.0
2018,38,Corregimiento De San Cristobal,1,21.439583333333335,43.509,19.647619047619045,167.208,21.933630952380952,9.211,2.0
2018,40,Corregimiento De San Cristobal,2,19.59791666666667,244.417,21.439583333333335,43.509,19.647619047619045,167.208,1.0
2018,41,Corregimiento De San Cristobal,1,19.407738095238095,81.641,20.383035714285715,132.032,19.54732142857143,101.31299999999999,1.0
2018,42,Corregimiento De San Cristobal,1,19.423627744510977,107.757,19.59791666666667,244.417,21.439583333333335,43.509,1.0
2018,44,Corregimiento De San Cristobal,1,19.163027680397313,121.576,19.423627744510977,107.757,19.59791666666667,244.417,3.0
2018,47,Corregimiento De San Cristobal,3,20.163392857142856,228.88299999999998,19.776190476190475,36.817,20.06755952380952,44.153,1.0
2019,2,Corregimiento De San Cristobal,1,19.181845238095235,44.163,21.199107142857144,0.0,20.68204604130809,6.422000000000001,1.0
2019,3,Corregimiento De San Cristobal,1,20.54761904761905,16.539,21.702083333333334,48.616,20.358630952380953,5.2010000000000005,1.0
2019,10,Corregimiento De San Cristobal,1,21.135758839463932,25.105,20.707722055888226,105.743,20.980059523809523,0.732,1.0
2019,13,Corregimiento De San Cristobal,1,20.43244047619048,65.8,21.175892857142856,14.3,19.816071428571426,121.411,1.0
2019,19,Corregimiento De San Cristobal,1,20.93189117929051,38.6,20.517857142857146,35.1,20.6625,45.8,1.0
2019,21,Corregimiento De San Cristobal,1,19.680952380952377,64.3,20.93189117929051,38.6,20.517857142857146,35.1,1.0
2019,22,Corregimiento De San Cristobal,1,19.456845238095237,62.1,20.026488095238093,73.3,22.4164156626506,0.0,1.0
2019,23,Corregimiento De San Cristobal,1,20.99731784279977,37.8,19.680952380952377,64.3,20.93189117929051,38.6,1.0
2019,24,Corregimiento De San Cristobal,1,21.176957831325304,18.4,19.456845238095237,62.1,20.026488095238093,73.3,2.0
2019,25,Corregimiento De San Cristobal,2,22.412554112554112,0.1,20.99731784279977,37.8,19.680952380952377,64.3,1.0
2019,27,Corregimiento De San Cristobal,1,20.96992621899059,38.1,22.412554112554112,0.1,20.99731784279977,37.8,1.0
2019,30,Corregimiento De San Cristobal,1,20.987724550898204,21.4,20.98482142857143,29.8,21.656854148845166,3.2,1.0
2019,32,Corregimiento De San Cristobal,1,22.56467770034843,0.0,20.987724550898204,21.4,20.98482142857143,29.8,1.0
2019,33,Corregimiento De San Cristobal,1,21.651785714285715,6.1,21.598642857142856,8.8,21.879348445965213,10.1,1.0
2019,34,Corregimiento De San Cristobal,1,22.284559452523524,1.874,22.56467770034843,0.0,20.987724550898204,21.4,1.0
2019,35,Corregimiento De San Cristobal,1,22.22268246187364,3.834,21.651785714285715,6.1,21.598642857142856,8.8,1.0
2019,36,Corregimiento De San Cristobal,1,22.34106060606061,51.072,22.284559452523524,1.874,22.56467770034843,0.0,1.0
2019,37,Corregimiento De San Cristobal,1,22.580755649717513,93.228,22.22268246187364,3.834,21.651785714285715,6.1,1.0
2019,39,Corregimiento De San Cristobal,1,20.242107716580605,84.449,22.580755649717513,93.228,22.22268246187364,3.834,1.0
2019,40,Corregimiento De San Cristobal,1,19.811947533504423,64.07900000000001,19.6575,72.412,22.34106060606061,51.072,2.0
2019,43,Corregimiento De San Cristobal,2,19.449855945521215,123.856,19.94417347123934,33.158,20.242107716580605,84.449,1.0
2019,47,Corregimiento De San Cristobal,1,19.34214826839827,179.652,20.32371212121212,90.394,19.449855945521215,123.856,1.0
2019,48,Corregimiento De San Cristobal,1,21.175400983746794,15.971,19.280833333333334,86.971,20.33673054587689,99.606,1.0
2019,52,Corregimiento De San Cristobal,1,21.583768177929855,44.2,19.78839285714286,65.613,21.175400983746794,15.971,1.0
2020,2,Corregimiento De San Cristobal,1,20.4320533888402,0.0,21.583768177929855,44.2,19.78839285714286,65.613,1.0
2020,4,Corregimiento De San Cristobal,1,20.1506599378882,74.81,20.4320533888402,0.0,21.583768177929855,44.2,1.0
2020,5,Corregimiento De San Cristobal,1,20.95476907630522,30.737000000000002,22.372500815394652,0.0,20.126536796536797,30.362,1.0
2020,6,Corregimiento De San Cristobal,1,21.638881401617247,3.067,20.1506599378882,74.81,20.4320533888402,0.0,1.0
2020,7,Corregimiento De San Cristobal,1,22.251461723930078,11.719000000000001,20.95476907630522,30.737000000000002,22.372500815394652,0.0,1.0
2020,12,Corregimiento De San Cristobal,1,20.727558016877637,24.101999999999997,22.29136904761905,2.717,22.024197722567287,66.928,1.0
2020,14,Corregimiento De San Cristobal,1,22.622377622377623,17.193,20.727558016877637,24.101999999999997,22.29136904761905,2.717,1.0
2020,18,Corregimiento De San Cristobal,1,23.235928143712574,1.909,21.433532934131737,28.7,22.622377622377623,17.193,1.0
2020,21,Corregimiento De San Cristobal,1,23.55875,15.329,24.81878787878788,3.148,21.92035928143713,5.307,1.0
2020,23,Corregimiento De San Cristobal,1,22.179166666666667,4.182,23.55875,15.329,24.81878787878788,3.148,1.0
2020,30,Corregimiento De San Cristobal,1,21.11377245508982,2.478,21.12606060606061,2.173,22.36050955414013,1.069,1.0
2020,34,Corregimiento De San Cristobal,1,21.538414634146346,0.427,23.7144578313253,0.441,21.11377245508982,2.478,1.0
2020,35,Corregimiento De San Cristobal,1,21.288622754491016,0.157,22.53265306122449,11.477,22.63154761904762,4.338,4.0
2020,36,Corregimiento De San Cristobal,4,21.273652694610774,4.556,21.538414634146346,0.427,23.7144578313253,0.441,3.0
2020,37,Corregimiento De San Cristobal,3,21.530379746835443,7.606,21.288622754491016,0.157,22.53265306122449,11.477,2.0
2020,39,Corregimiento De San Cristobal,2,21.70719424460432,0.004,21.530379746835443,7.606,21.288622754491016,0.157,1.0
2020,41,Corregimiento De San Cristobal,1,21.17910447761194,0.004,21.70719424460432,0.004,21.530379746835443,7.606,1.0
2020,42,Corregimiento De San Cristobal,1,21.753846153846155,6.502,20.83405797101449,1.507,21.171794871794877,0.778,1.0
2020,44,Corregimiento De San Cristobal,1,21.112676056338028,4.684,21.753846153846155,6.502,20.83405797101449,1.507,1.0
2020,47,Corregimiento De San Cristobal,1,20.81556886227545,0.676,21.37393939393939,2.657,21.12546583850932,0.924,2.0
2020,50,Corregimiento De San Cristobal,2,21.87702702702703,0.104,21.475757575757576,0.175,20.275694444444444,0.732,1.0
2020,52,Corregimiento De San Cristobal,1,21.16216216216216,41.654,21.87702702702703,0.104,21.475757575757576,0.175,1.0
2021,3,Corregimiento De San Cristobal,1,22.061486486486487,3.492,20.79824561403509,4.157,21.16216216216216,41.654,1.0
2021,5,Corregimiento De San Cristobal,1,23.397959183673468,1.098,22.061486486486487,3.492,20.79824561403509,4.157,1.0
2021,7,Corregimiento De San Cristobal,1,21.081617647058824,0.768,23.397959183673468,1.098,22.061486486486487,3.492,1.0
2021,10,Corregimiento De San Cristobal,1,20.119266055045877,22.298,22.01095890410959,13.375,21.885802469135804,2.532,1.0
2021,14,Corregimiento De San Cristobal,1,21.49051724137931,13.827,20.632608695652173,53.73,20.119266055045877,22.298,1.0
2021,41,Corregimiento De San Cristobal,1,21.166060606060608,55.467,21.13869047619048,29.588,22.90974025974026,30.613,
2017,2,Corregimiento De Santa Elena,1,19.29287918871252,1.0390000000000001,,,,,1.0
2017,3,Corregimiento De Santa Elena,1,19.181688311688312,30.721,20.30386904761905,11.716000000000001,,,1.0
2017,6,Corregimiento De Santa Elena,1,21.408035714285717,1.8929999999999998,20.63125,,19.29287918871252,1.0390000000000001,1.0
2017,9,Corregimiento De Santa Elena,1,20.148988095238096,38.852000000000004,20.375515041345878,10.851,21.180059523809526,1.5950000000000002,1.0
2017,14,Corregimiento De Santa Elena,1,21.110778443113773,44.946,19.27172619047619,105.09800000000001,19.051488095238096,106.376,1.0
2017,19,Corregimiento De Santa Elena,1,19.364150270886796,98.997,20.7125,120.792,20.376488095238095,28.35,1.0
2017,22,Corregimiento De Santa Elena,1,22.031569004847448,18.01,20.583057100085547,147.251,19.254166666666666,115.362,1.0
2017,24,Corregimiento De Santa Elena,1,19.27596770744226,73.822,22.031569004847448,18.01,20.583057100085547,147.251,1.0
2017,31,Corregimiento De Santa Elena,1,20.839872798434442,27.232,21.29785973229225,23.009,22.02601351351351,6.064,1.0
2017,43,Corregimiento De Santa Elena,1,18.59555860805861,42.842,20.355227726365452,22.633000000000003,19.83614982578397,60.737,1.0
2017,49,Corregimiento De Santa Elena,1,20.544477911646588,117.631,20.031569004847448,50.376999999999995,19.95096585804133,8.887,2.0
2018,25,Corregimiento De Santa Elena,2,20.782665343915344,65.938,21.702083333333334,1.981,20.285416666666663,90.48,1.0
2018,33,Corregimiento De Santa Elena,1,21.16390977443609,38.207,18.89593253968254,34.6,21.19891906873614,18.116,1.0
2018,34,Corregimiento De Santa Elena,1,21.933630952380952,9.211,21.707008448540705,0.033,18.92559523809524,28.7,1.0
2018,39,Corregimiento De Santa Elena,1,20.383035714285715,132.032,19.54732142857143,101.31299999999999,21.44077380952381,28.060000000000002,1.0
2018,43,Corregimiento De Santa Elena,1,20.06755952380952,44.153,19.407738095238095,81.641,20.383035714285715,132.032,1.0
2020,4,Corregimiento De Santa Elena,1,20.1506599378882,74.81,20.4320533888402,0.0,21.583768177929855,44.2,1.0
2020,7,Corregimiento De Santa Elena,1,22.251461723930078,11.719000000000001,20.95476907630522,30.737000000000002,22.372500815394652,0.0,1.0
2020,11,Corregimiento De Santa Elena,1,20.87708333333333,58.356,21.29524600504626,6.045,22.251461723930078,11.719000000000001,1.0
2020,13,Corregimiento De Santa Elena,1,21.103600750645086,14.557,20.87708333333333,58.356,21.29524600504626,6.045,1.0
2021,46,Corregimiento De Santa Elena,1,21.20969696969697,32.828,21.271856287425152,6.029,21.2375,39.122,
2017,1,Doce De Octubre,6,20.30386904761905,11.716000000000001,,,,,6.0
2017,2,Doce De Octubre,6,19.29287918871252,1.0390000000000001,,,,,4.0
2017,3,Doce De Octubre,4,19.181688311688312,30.721,20.30386904761905,11.716000000000001,,,4.0
2017,4,Doce De Octubre,4,20.63125,,19.29287918871252,1.0390000000000001,,,3.0
2017,5,Doce De Octubre,3,21.180059523809526,1.5950000000000002,19.181688311688312,30.721,20.30386904761905,11.716000000000001,2.0
2017,6,Doce De Octubre,2,21.408035714285717,1.8929999999999998,20.63125,,19.29287918871252,1.0390000000000001,6.0
2017,7,Doce De Octubre,6,20.375515041345878,10.851,21.180059523809526,1.5950000000000002,19.181688311688312,30.721,2.0
2017,8,Doce De Octubre,2,19.97134776095869,120.549,21.408035714285717,1.8929999999999998,20.63125,,4.0
2017,9,Doce De Octubre,4,20.148988095238096,38.852000000000004,20.375515041345878,10.851,21.180059523809526,1.5950000000000002,3.0
2017,10,Doce De Octubre,3,19.051488095238096,106.376,19.97134776095869,120.549,21.408035714285717,1.8929999999999998,4.0
2017,11,Doce De Octubre,4,19.25224358974359,94.74199999999999,20.148988095238096,38.852000000000004,20.375515041345878,10.851,3.0
2017,12,Doce De Octubre,3,19.27172619047619,105.09800000000001,19.051488095238096,106.376,19.97134776095869,120.549,4.0
2017,13,Doce De Octubre,4,20.10198578746122,172.739,19.25224358974359,94.74199999999999,20.148988095238096,38.852000000000004,3.0
2017,14,Doce De Octubre,3,21.110778443113773,44.946,19.27172619047619,105.09800000000001,19.051488095238096,106.376,2.0
2017,15,Doce De Octubre,2,20.376488095238095,28.35,20.10198578746122,172.739,19.25224358974359,94.74199999999999,1.0
2017,16,Doce De Octubre,1,20.133928571428577,33.571,21.110778443113773,44.946,19.27172619047619,105.09800000000001,2.0
2017,17,Doce De Octubre,2,20.7125,120.792,20.376488095238095,28.35,20.10198578746122,172.739,4.0
2017,18,Doce De Octubre,4,19.254166666666666,115.362,20.133928571428577,33.571,21.110778443113773,44.946,6.0
2017,19,Doce De Octubre,6,19.364150270886796,98.997,20.7125,120.792,20.376488095238095,28.35,1.0
2017,20,Doce De Octubre,1,20.583057100085547,147.251,19.254166666666666,115.362,20.133928571428577,33.571,4.0
2017,21,Doce De Octubre,4,21.50029761904762,5.035,19.364150270886796,98.997,20.7125,120.792,3.0
2017,22,Doce De Octubre,3,22.031569004847448,18.01,20.583057100085547,147.251,19.254166666666666,115.362,2.0
2017,23,Doce De Octubre,2,20.687693452380955,103.055,21.50029761904762,5.035,19.364150270886796,98.997,2.0
2017,24,Doce De Octubre,2,19.27596770744226,73.822,22.031569004847448,18.01,20.583057100085547,147.251,1.0
2017,25,Doce De Octubre,1,20.299999999999997,58.189,20.687693452380955,103.055,21.50029761904762,5.035,2.0
2017,27,Doce De Octubre,2,22.02601351351351,6.064,20.299999999999997,58.189,20.687693452380955,103.055,2.0
2017,29,Doce De Octubre,2,21.29785973229225,23.009,22.02601351351351,6.064,20.299999999999997,58.189,4.0
2017,30,Doce De Octubre,4,22.080308219178086,0.325,19.86391694725028,18.069,20.762824675324673,106.402,3.0
2017,31,Doce De Octubre,3,20.839872798434442,27.232,21.29785973229225,23.009,22.02601351351351,6.064,1.0
2017,32,Doce De Octubre,1,21.427187461811073,62.252,22.080308219178086,0.325,19.86391694725028,18.069,3.0
2017,34,Doce De Octubre,3,20.984730538922154,27.445999999999998,21.427187461811073,62.252,22.080308219178086,0.325,3.0
2017,35,Doce De Octubre,3,20.95571535500428,45.766999999999996,20.811791944062186,80.828,20.839872798434442,27.232,3.0
2017,36,Doce De Octubre,3,20.048809523809524,138.48200000000003,20.984730538922154,27.445999999999998,21.427187461811073,62.252,2.0
2017,37,Doce De Octubre,2,20.543082368082366,108.944,20.95571535500428,45.766999999999996,20.811791944062186,80.828,2.0
2017,39,Doce De Octubre,2,19.83614982578397,60.737,20.543082368082366,108.944,20.95571535500428,45.766999999999996,2.0
2017,40,Doce De Octubre,2,19.5602991355778,95.911,20.53001290877797,83.201,20.048809523809524,138.48200000000003,3.0
2017,41,Doce De Octubre,3,20.355227726365452,22.633000000000003,19.83614982578397,60.737,20.543082368082366,108.944,3.0
2017,42,Doce De Octubre,3,21.79917857142857,36.388,19.5602991355778,95.911,20.53001290877797,83.201,5.0
2017,43,Doce De Octubre,5,18.59555860805861,42.842,20.355227726365452,22.633000000000003,19.83614982578397,60.737,1.0
2017,44,Doce De Octubre,1,19.52467532467532,51.763999999999996,21.79917857142857,36.388,19.5602991355778,95.911,2.0
2017,45,Doce De Octubre,2,19.95096585804133,8.887,18.59555860805861,42.842,20.355227726365452,22.633000000000003,2.0
2017,47,Doce De Octubre,2,20.031569004847448,50.376999999999995,19.95096585804133,8.887,18.59555860805861,42.842,2.0
2017,48,Doce De Octubre,2,20.248511904761905,31.853,19.21347147349506,104.48599999999999,19.52467532467532,51.763999999999996,2.0
2017,49,Doce De Octubre,2,20.544477911646588,117.631,20.031569004847448,50.376999999999995,19.95096585804133,8.887,1.0
2017,50,Doce De Octubre,1,20.267112204163105,19.587,20.248511904761905,31.853,19.21347147349506,104.48599999999999,2.0
2017,51,Doce De Octubre,2,20.676129261363638,0.0,20.544477911646588,117.631,20.031569004847448,50.376999999999995,2.0
2018,1,Doce De Octubre,2,19.193154761904765,102.94200000000001,20.676129261363638,0.0,20.544477911646588,117.631,3.0
2018,2,Doce De Octubre,3,19.02767857142857,119.844,19.089713796477493,45.818,20.267112204163105,19.587,3.0
2018,3,Doce De Octubre,3,19.335714285714282,39.298,19.193154761904765,102.94200000000001,20.676129261363638,0.0,2.0
2018,4,Doce De Octubre,2,20.57010535890245,3.5540000000000003,19.02767857142857,119.844,19.089713796477493,45.818,4.0
2018,5,Doce De Octubre,4,20.89712552742616,55.019,19.335714285714282,39.298,19.193154761904765,102.94200000000001,1.0
2018,6,Doce De Octubre,1,20.715027239709435,0.202,20.57010535890245,3.5540000000000003,19.02767857142857,119.844,1.0
2018,8,Doce De Octubre,1,20.60892857142857,22.154,20.715027239709435,0.202,20.57010535890245,3.5540000000000003,2.0
2018,9,Doce De Octubre,2,21.317857142857143,7.182,21.39940476190476,58.16,20.89712552742616,55.019,1.0
2018,10,Doce De Octubre,1,21.815285714285714,8.573,20.60892857142857,22.154,20.715027239709435,0.202,1.0
2018,11,Doce De Octubre,1,21.319489614901325,12.459,21.317857142857143,7.182,21.39940476190476,58.16,1.0
2018,12,Doce De Octubre,1,19.967559523809523,124.558,21.815285714285714,8.573,20.60892857142857,22.154,2.0
2018,14,Doce De Octubre,2,19.19099479612204,76.149,19.967559523809523,124.558,21.815285714285714,8.573,2.0
2018,15,Doce De Octubre,2,19.22521742229826,140.014,19.54548581408611,157.524,21.319489614901325,12.459,2.0
2018,16,Doce De Octubre,2,20.69217992586256,33.08,19.19099479612204,76.149,19.967559523809523,124.558,1.0
2018,18,Doce De Octubre,1,19.686904761904763,97.144,20.69217992586256,33.08,19.19099479612204,76.149,1.0
2018,19,Doce De Octubre,1,18.926375075346595,235.89100000000002,19.98843321226796,110.944,19.22521742229826,140.014,2.0
2018,20,Doce De Octubre,2,19.373109138865125,174.89100000000002,19.686904761904763,97.144,20.69217992586256,33.08,1.0
2018,22,Doce De Octubre,1,20.247916666666665,124.488,19.373109138865125,174.89100000000002,19.686904761904763,97.144,3.0
2018,23,Doce De Octubre,3,21.702083333333334,1.981,20.285416666666663,90.48,18.926375075346595,235.89100000000002,1.0
2018,26,Doce De Octubre,1,19.641964285714288,35.028999999999996,21.077564513829483,40.980999999999995,20.247916666666665,124.488,1.0
2018,27,Doce De Octubre,1,20.83869047619048,45.870000000000005,20.782665343915344,65.938,21.702083333333334,1.981,5.0
2018,28,Doce De Octubre,5,21.99434523809524,2.033,19.641964285714288,35.028999999999996,21.077564513829483,40.980999999999995,2.0
2018,29,Doce De Octubre,2,21.19891906873614,18.116,20.83869047619048,45.870000000000005,20.782665343915344,65.938,1.0
2018,30,Doce De Octubre,1,18.92559523809524,28.7,21.99434523809524,2.033,19.641964285714288,35.028999999999996,1.0
2018,31,Doce De Octubre,1,18.89593253968254,34.6,21.19891906873614,18.116,20.83869047619048,45.870000000000005,1.0
2018,32,Doce De Octubre,1,21.707008448540705,0.033,18.92559523809524,28.7,21.99434523809524,2.033,3.0
2018,33,Doce De Octubre,3,21.16390977443609,38.207,18.89593253968254,34.6,21.19891906873614,18.116,3.0
2018,34,Doce De Octubre,3,21.933630952380952,9.211,21.707008448540705,0.033,18.92559523809524,28.7,2.0
2018,35,Doce De Octubre,2,21.44077380952381,28.060000000000002,21.16390977443609,38.207,18.89593253968254,34.6,1.0
2018,36,Doce De Octubre,1,19.647619047619045,167.208,21.933630952380952,9.211,21.707008448540705,0.033,2.0
2018,37,Doce De Octubre,2,19.54732142857143,101.31299999999999,21.44077380952381,28.060000000000002,21.16390977443609,38.207,1.0
2018,38,Doce De Octubre,1,21.439583333333335,43.509,19.647619047619045,167.208,21.933630952380952,9.211,3.0
2018,39,Doce De Octubre,3,20.383035714285715,132.032,19.54732142857143,101.31299999999999,21.44077380952381,28.060000000000002,3.0
2018,40,Doce De Octubre,3,19.59791666666667,244.417,21.439583333333335,43.509,19.647619047619045,167.208,2.0
2018,42,Doce De Octubre,2,19.423627744510977,107.757,19.59791666666667,244.417,21.439583333333335,43.509,2.0
2018,44,Doce De Octubre,2,19.163027680397313,121.576,19.423627744510977,107.757,19.59791666666667,244.417,2.0
2018,45,Doce De Octubre,2,19.776190476190475,36.817,20.06755952380952,44.153,19.407738095238095,81.641,1.0
2018,46,Doce De Octubre,1,20.524666737952664,43.536,19.163027680397313,121.576,19.423627744510977,107.757,2.0
2018,47,Doce De Octubre,2,20.163392857142856,228.88299999999998,19.776190476190475,36.817,20.06755952380952,44.153,1.0
2018,49,Doce De Octubre,1,19.92142857142857,11.767,20.163392857142856,228.88299999999998,19.776190476190475,36.817,1.0
2018,50,Doce De Octubre,1,20.68204604130809,6.422000000000001,19.56934523809524,38.900999999999996,20.524666737952664,43.536,1.0
2018,51,Doce De Octubre,1,20.358630952380953,5.2010000000000005,19.92142857142857,11.767,20.163392857142856,228.88299999999998,2.0
2018,52,Doce De Octubre,2,21.199107142857144,0.0,20.68204604130809,6.422000000000001,19.56934523809524,38.900999999999996,1.0
2019,1,Doce De Octubre,1,21.702083333333334,48.616,20.358630952380953,5.2010000000000005,19.92142857142857,11.767,1.0
2019,2,Doce De Octubre,1,19.181845238095235,44.163,21.199107142857144,0.0,20.68204604130809,6.422000000000001,1.0
2019,3,Doce De Octubre,1,20.54761904761905,16.539,21.702083333333334,48.616,20.358630952380953,5.2010000000000005,1.0
2019,4,Doce De Octubre,1,21.96904761904762,0.876,19.181845238095235,44.163,21.199107142857144,0.0,1.0
2019,5,Doce De Octubre,1,20.58469489592244,19.978,20.54761904761905,16.539,21.702083333333334,48.616,2.0
2019,7,Doce De Octubre,2,21.84583333333333,2.823,20.58469489592244,19.978,20.54761904761905,16.539,1.0
2019,9,Doce De Octubre,1,19.816071428571426,121.411,21.84583333333333,2.823,20.58469489592244,19.978,1.0
2019,10,Doce De Octubre,1,21.135758839463932,25.105,20.707722055888226,105.743,20.980059523809523,0.732,1.0
2019,12,Doce De Octubre,1,19.45817805383023,68.6,21.135758839463932,25.105,20.707722055888226,105.743,1.0
2019,13,Doce De Octubre,1,20.43244047619048,65.8,21.175892857142856,14.3,19.816071428571426,121.411,1.0
2019,19,Doce De Octubre,1,20.93189117929051,38.6,20.517857142857146,35.1,20.6625,45.8,1.0
2019,20,Doce De Octubre,1,20.026488095238093,73.3,22.4164156626506,0.0,20.26900662959795,30.4,1.0
2019,21,Doce De Octubre,1,19.680952380952377,64.3,20.93189117929051,38.6,20.517857142857146,35.1,1.0
2019,23,Doce De Octubre,1,20.99731784279977,37.8,19.680952380952377,64.3,20.93189117929051,38.6,1.0
2019,24,Doce De Octubre,1,21.176957831325304,18.4,19.456845238095237,62.1,20.026488095238093,73.3,2.0
2019,25,Doce De Octubre,2,22.412554112554112,0.1,20.99731784279977,37.8,19.680952380952377,64.3,1.0
2019,26,Doce De Octubre,1,21.656854148845166,3.2,21.176957831325304,18.4,19.456845238095237,62.1,2.0
2019,28,Doce De Octubre,2,20.98482142857143,29.8,21.656854148845166,3.2,21.176957831325304,18.4,1.0
2019,30,Doce De Octubre,1,20.987724550898204,21.4,20.98482142857143,29.8,21.656854148845166,3.2,1.0
2019,31,Doce De Octubre,1,21.598642857142856,8.8,21.879348445965213,10.1,20.96992621899059,38.1,3.0
2019,32,Doce De Octubre,3,22.56467770034843,0.0,20.987724550898204,21.4,20.98482142857143,29.8,2.0
2019,33,Doce De Octubre,2,21.651785714285715,6.1,21.598642857142856,8.8,21.879348445965213,10.1,3.0
2019,34,Doce De Octubre,3,22.284559452523524,1.874,22.56467770034843,0.0,20.987724550898204,21.4,5.0
2019,35,Doce De Octubre,5,22.22268246187364,3.834,21.651785714285715,6.1,21.598642857142856,8.8,4.0
2019,36,Doce De Octubre,4,22.34106060606061,51.072,22.284559452523524,1.874,22.56467770034843,0.0,1.0
2019,37,Doce De Octubre,1,22.580755649717513,93.228,22.22268246187364,3.834,21.651785714285715,6.1,2.0
2019,38,Doce De Octubre,2,19.6575,72.412,22.34106060606061,51.072,22.284559452523524,1.874,1.0
2019,39,Doce De Octubre,1,20.242107716580605,84.449,22.580755649717513,93.228,22.22268246187364,3.834,1.0
2019,40,Doce De Octubre,1,19.811947533504423,64.07900000000001,19.6575,72.412,22.34106060606061,51.072,2.0
2019,43,Doce De Octubre,2,19.449855945521215,123.856,19.94417347123934,33.158,20.242107716580605,84.449,2.0
2019,44,Doce De Octubre,2,20.33673054587689,99.606,19.741271645021644,77.337,19.811947533504423,64.07900000000001,1.0
2019,48,Doce De Octubre,1,21.175400983746794,15.971,19.280833333333334,86.971,20.33673054587689,99.606,3.0
2019,52,Doce De Octubre,3,21.583768177929855,44.2,19.78839285714286,65.613,21.175400983746794,15.971,1.0
2020,1,Doce De Octubre,1,20.126536796536797,30.362,21.011607142857144,19.577,20.334424603174604,19.691000000000003,2.0
2020,2,Doce De Octubre,2,20.4320533888402,0.0,21.583768177929855,44.2,19.78839285714286,65.613,1.0
2020,3,Doce De Octubre,1,22.372500815394652,0.0,20.126536796536797,30.362,21.011607142857144,19.577,2.0
2020,5,Doce De Octubre,2,20.95476907630522,30.737000000000002,22.372500815394652,0.0,20.126536796536797,30.362,1.0
2020,6,Doce De Octubre,1,21.638881401617247,3.067,20.1506599378882,74.81,20.4320533888402,0.0,1.0
2020,12,Doce De Octubre,1,20.727558016877637,24.101999999999997,22.29136904761905,2.717,22.024197722567287,66.928,1.0
2020,14,Doce De Octubre,1,22.622377622377623,17.193,20.727558016877637,24.101999999999997,22.29136904761905,2.717,1.0
2020,16,Doce De Octubre,1,21.433532934131737,28.7,22.622377622377623,17.193,20.727558016877637,24.101999999999997,2.0
2020,17,Doce De Octubre,2,21.92035928143713,5.307,23.511805555555554,16.224,21.103600750645086,14.557,2.0
2020,21,Doce De Octubre,2,23.55875,15.329,24.81878787878788,3.148,21.92035928143713,5.307,1.0
2020,24,Doce De Octubre,1,21.921818181818185,0.728,21.941666666666663,29.251,23.538607594936707,3.535,1.0
2020,28,Doce De Octubre,1,21.12606060606061,2.173,22.36050955414013,1.069,21.921818181818185,0.728,1.0
2020,30,Doce De Octubre,1,21.11377245508982,2.478,21.12606060606061,2.173,22.36050955414013,1.069,1.0
2020,34,Doce De Octubre,1,21.538414634146346,0.427,23.7144578313253,0.441,21.11377245508982,2.478,1.0
2020,40,Doce De Octubre,1,20.83405797101449,1.507,21.171794871794877,0.778,21.273652694610774,4.556,1.0
2020,45,Doce De Octubre,1,21.37393939393939,2.657,21.12546583850932,0.924,21.17910447761194,0.004,1.0
2020,53,Doce De Octubre,1,21.34331210191083,1.006,21.86625,6.224,21.50718562874252,0.168,1.0
2021,2,Doce De Octubre,1,22.226595744680854,9.776,21.34331210191083,1.006,21.86625,6.224,1.0
2021,8,Doce De Octubre,1,22.01095890410959,13.375,21.885802469135804,2.532,22.497350993377484,0.004,1.0
2021,9,Doce De Octubre,1,21.064462809917355,51.03,21.081617647058824,0.768,23.397959183673468,1.098,1.0
2021,12,Doce De Octubre,1,20.632608695652173,53.73,20.119266055045877,22.298,22.01095890410959,13.375,1.0
2021,18,Doce De Octubre,1,18.33333333333333,0.321,27.0,0.0,21.49051724137931,13.827,2.0
2021,25,Doce De Octubre,2,20.59583333333333,35.75,20.729936305732483,63.645,21.37559523809524,40.812,1.0
2021,28,Doce De Octubre,1,22.665269461077845,57.513,22.07857142857143,20.0,21.65952380952381,53.314,1.0
2021,36,Doce De Octubre,1,20.991071428571427,28.044,21.30328947368421,29.291,21.43956834532374,48.203,1.0
2021,45,Doce De Octubre,1,20.645454545454545,71.947,20.47142857142857,70.393,21.166060606060608,55.467,1.0
2021,48,Doce De Octubre,1,21.5,38.38,21.20969696969697,32.828,21.271856287425152,6.029,1.0
2021,49,Doce De Octubre,1,21.98273809523809,1.032,20.374305555555555,52.711,20.645454545454545,71.947,1.0
2021,50,Doce De Octubre,1,21.12619047619048,16.234,21.5,38.38,21.20969696969697,32.828,1.0
2021,52,Doce De Octubre,1,21.106586826347307,16.294999999999998,21.12619047619048,16.234,21.5,38.38,
2017,1,El Poblado,4,20.30386904761905,11.716000000000001,,,,,4.0
2017,2,El Poblado,4,19.29287918871252,1.0390000000000001,,,,,4.0
2017,3,El Poblado,4,19.181688311688312,30.721,20.30386904761905,11.716000000000001,,,4.0
2017,4,El Poblado,4,20.63125,,19.29287918871252,1.0390000000000001,,,3.0
2017,5,El Poblado,3,21.180059523809526,1.5950000000000002,19.181688311688312,30.721,20.30386904761905,11.716000000000001,3.0
2017,6,El Poblado,3,21.408035714285717,1.8929999999999998,20.63125,,19.29287918871252,1.0390000000000001,3.0
2017,8,El Poblado,3,19.97134776095869,120.549,21.408035714285717,1.8929999999999998,20.63125,,1.0
2017,11,El Poblado,1,19.25224358974359,94.74199999999999,20.148988095238096,38.852000000000004,20.375515041345878,10.851,6.0
2017,12,El Poblado,6,19.27172619047619,105.09800000000001,19.051488095238096,106.376,19.97134776095869,120.549,2.0
2017,13,El Poblado,2,20.10198578746122,172.739,19.25224358974359,94.74199999999999,20.148988095238096,38.852000000000004,2.0
2017,16,El Poblado,2,20.133928571428577,33.571,21.110778443113773,44.946,19.27172619047619,105.09800000000001,3.0
2017,18,El Poblado,3,19.254166666666666,115.362,20.133928571428577,33.571,21.110778443113773,44.946,1.0
2017,19,El Poblado,1,19.364150270886796,98.997,20.7125,120.792,20.376488095238095,28.35,1.0
2017,20,El Poblado,1,20.583057100085547,147.251,19.254166666666666,115.362,20.133928571428577,33.571,2.0
2017,21,El Poblado,2,21.50029761904762,5.035,19.364150270886796,98.997,20.7125,120.792,2.0
2017,22,El Poblado,2,22.031569004847448,18.01,20.583057100085547,147.251,19.254166666666666,115.362,2.0
2017,23,El Poblado,2,20.687693452380955,103.055,21.50029761904762,5.035,19.364150270886796,98.997,4.0
2017,24,El Poblado,4,19.27596770744226,73.822,22.031569004847448,18.01,20.583057100085547,147.251,2.0
2017,25,El Poblado,2,20.299999999999997,58.189,20.687693452380955,103.055,21.50029761904762,5.035,2.0
2017,26,El Poblado,2,20.762824675324673,106.402,19.27596770744226,73.822,22.031569004847448,18.01,2.0
2017,27,El Poblado,2,22.02601351351351,6.064,20.299999999999997,58.189,20.687693452380955,103.055,2.0
2017,29,El Poblado,2,21.29785973229225,23.009,22.02601351351351,6.064,20.299999999999997,58.189,2.0
2017,31,El Poblado,2,20.839872798434442,27.232,21.29785973229225,23.009,22.02601351351351,6.064,1.0
2017,32,El Poblado,1,21.427187461811073,62.252,22.080308219178086,0.325,19.86391694725028,18.069,1.0
2017,33,El Poblado,1,20.811791944062186,80.828,20.839872798434442,27.232,21.29785973229225,23.009,5.0
2017,34,El Poblado,5,20.984730538922154,27.445999999999998,21.427187461811073,62.252,22.080308219178086,0.325,3.0
2017,35,El Poblado,3,20.95571535500428,45.766999999999996,20.811791944062186,80.828,20.839872798434442,27.232,2.0
2017,37,El Poblado,2,20.543082368082366,108.944,20.95571535500428,45.766999999999996,20.811791944062186,80.828,1.0
2017,38,El Poblado,1,20.53001290877797,83.201,20.048809523809524,138.48200000000003,20.984730538922154,27.445999999999998,1.0
2017,39,El Poblado,1,19.83614982578397,60.737,20.543082368082366,108.944,20.95571535500428,45.766999999999996,1.0
2017,40,El Poblado,1,19.5602991355778,95.911,20.53001290877797,83.201,20.048809523809524,138.48200000000003,1.0
2017,41,El Poblado,1,20.355227726365452,22.633000000000003,19.83614982578397,60.737,20.543082368082366,108.944,2.0
2017,42,El Poblado,2,21.79917857142857,36.388,19.5602991355778,95.911,20.53001290877797,83.201,1.0
2017,43,El Poblado,1,18.59555860805861,42.842,20.355227726365452,22.633000000000003,19.83614982578397,60.737,1.0
2017,45,El Poblado,1,19.95096585804133,8.887,18.59555860805861,42.842,20.355227726365452,22.633000000000003,2.0
2017,46,El Poblado,2,19.21347147349506,104.48599999999999,19.52467532467532,51.763999999999996,21.79917857142857,36.388,1.0
2017,48,El Poblado,1,20.248511904761905,31.853,19.21347147349506,104.48599999999999,19.52467532467532,51.763999999999996,1.0
2018,1,El Poblado,1,19.193154761904765,102.94200000000001,20.676129261363638,0.0,20.544477911646588,117.631,2.0
2018,3,El Poblado,2,19.335714285714282,39.298,19.193154761904765,102.94200000000001,20.676129261363638,0.0,3.0
2018,4,El Poblado,3,20.57010535890245,3.5540000000000003,19.02767857142857,119.844,19.089713796477493,45.818,1.0
2018,5,El Poblado,1,20.89712552742616,55.019,19.335714285714282,39.298,19.193154761904765,102.94200000000001,1.0
2018,6,El Poblado,1,20.715027239709435,0.202,20.57010535890245,3.5540000000000003,19.02767857142857,119.844,1.0
2018,8,El Poblado,1,20.60892857142857,22.154,20.715027239709435,0.202,20.57010535890245,3.5540000000000003,1.0
2018,9,El Poblado,1,21.317857142857143,7.182,21.39940476190476,58.16,20.89712552742616,55.019,3.0
2018,10,El Poblado,3,21.815285714285714,8.573,20.60892857142857,22.154,20.715027239709435,0.202,1.0
2018,12,El Poblado,1,19.967559523809523,124.558,21.815285714285714,8.573,20.60892857142857,22.154,2.0
2018,14,El Poblado,2,19.19099479612204,76.149,19.967559523809523,124.558,21.815285714285714,8.573,3.0
2018,19,El Poblado,3,18.926375075346595,235.89100000000002,19.98843321226796,110.944,19.22521742229826,140.014,2.0
2018,22,El Poblado,2,20.247916666666665,124.488,19.373109138865125,174.89100000000002,19.686904761904763,97.144,1.0
2018,24,El Poblado,1,21.077564513829483,40.980999999999995,20.247916666666665,124.488,19.373109138865125,174.89100000000002,1.0
2018,26,El Poblado,1,19.641964285714288,35.028999999999996,21.077564513829483,40.980999999999995,20.247916666666665,124.488,3.0
2018,27,El Poblado,3,20.83869047619048,45.870000000000005,20.782665343915344,65.938,21.702083333333334,1.981,1.0
2018,28,El Poblado,1,21.99434523809524,2.033,19.641964285714288,35.028999999999996,21.077564513829483,40.980999999999995,2.0
2018,30,El Poblado,2,18.92559523809524,28.7,21.99434523809524,2.033,19.641964285714288,35.028999999999996,1.0
2018,33,El Poblado,1,21.16390977443609,38.207,18.89593253968254,34.6,21.19891906873614,18.116,4.0
2018,34,El Poblado,4,21.933630952380952,9.211,21.707008448540705,0.033,18.92559523809524,28.7,1.0
2018,35,El Poblado,1,21.44077380952381,28.060000000000002,21.16390977443609,38.207,18.89593253968254,34.6,2.0
2018,36,El Poblado,2,19.647619047619045,167.208,21.933630952380952,9.211,21.707008448540705,0.033,1.0
2018,37,El Poblado,1,19.54732142857143,101.31299999999999,21.44077380952381,28.060000000000002,21.16390977443609,38.207,1.0
2018,39,El Poblado,1,20.383035714285715,132.032,19.54732142857143,101.31299999999999,21.44077380952381,28.060000000000002,2.0
2018,41,El Poblado,2,19.407738095238095,81.641,20.383035714285715,132.032,19.54732142857143,101.31299999999999,2.0
2018,42,El Poblado,2,19.423627744510977,107.757,19.59791666666667,244.417,21.439583333333335,43.509,3.0
2018,43,El Poblado,3,20.06755952380952,44.153,19.407738095238095,81.641,20.383035714285715,132.032,2.0
2018,45,El Poblado,2,19.776190476190475,36.817,20.06755952380952,44.153,19.407738095238095,81.641,3.0
2018,47,El Poblado,3,20.163392857142856,228.88299999999998,19.776190476190475,36.817,20.06755952380952,44.153,1.0
2018,48,El Poblado,1,19.56934523809524,38.900999999999996,20.524666737952664,43.536,19.163027680397313,121.576,1.0
2018,49,El Poblado,1,19.92142857142857,11.767,20.163392857142856,228.88299999999998,19.776190476190475,36.817,3.0
2018,50,El Poblado,3,20.68204604130809,6.422000000000001,19.56934523809524,38.900999999999996,20.524666737952664,43.536,1.0
2018,51,El Poblado,1,20.358630952380953,5.2010000000000005,19.92142857142857,11.767,20.163392857142856,228.88299999999998,1.0
2018,52,El Poblado,1,21.199107142857144,0.0,20.68204604130809,6.422000000000001,19.56934523809524,38.900999999999996,2.0
2019,1,El Poblado,2,21.702083333333334,48.616,20.358630952380953,5.2010000000000005,19.92142857142857,11.767,1.0
2019,2,El Poblado,1,19.181845238095235,44.163,21.199107142857144,0.0,20.68204604130809,6.422000000000001,1.0
2019,5,El Poblado,1,20.58469489592244,19.978,20.54761904761905,16.539,21.702083333333334,48.616,3.0
2019,6,El Poblado,3,20.980059523809523,0.732,21.96904761904762,0.876,19.181845238095235,44.163,3.0
2019,7,El Poblado,3,21.84583333333333,2.823,20.58469489592244,19.978,20.54761904761905,16.539,1.0
2019,9,El Poblado,1,19.816071428571426,121.411,21.84583333333333,2.823,20.58469489592244,19.978,1.0
2019,11,El Poblado,1,21.175892857142856,14.3,19.816071428571426,121.411,21.84583333333333,2.823,1.0
2019,14,El Poblado,1,19.54794426048565,81.5,19.45817805383023,68.6,21.135758839463932,25.105,4.0
2019,17,El Poblado,4,20.517857142857146,35.1,20.6625,45.8,20.43244047619048,65.8,3.0
2019,18,El Poblado,3,22.4164156626506,0.0,20.26900662959795,30.4,19.54794426048565,81.5,1.0
2019,19,El Poblado,1,20.93189117929051,38.6,20.517857142857146,35.1,20.6625,45.8,2.0
2019,20,El Poblado,2,20.026488095238093,73.3,22.4164156626506,0.0,20.26900662959795,30.4,1.0
2019,22,El Poblado,1,19.456845238095237,62.1,20.026488095238093,73.3,22.4164156626506,0.0,2.0
2019,23,El Poblado,2,20.99731784279977,37.8,19.680952380952377,64.3,20.93189117929051,38.6,1.0
2019,24,El Poblado,1,21.176957831325304,18.4,19.456845238095237,62.1,20.026488095238093,73.3,1.0
2019,25,El Poblado,1,22.412554112554112,0.1,20.99731784279977,37.8,19.680952380952377,64.3,1.0
2019,26,El Poblado,1,21.656854148845166,3.2,21.176957831325304,18.4,19.456845238095237,62.1,2.0
2019,27,El Poblado,2,20.96992621899059,38.1,22.412554112554112,0.1,20.99731784279977,37.8,2.0
2019,28,El Poblado,2,20.98482142857143,29.8,21.656854148845166,3.2,21.176957831325304,18.4,1.0
2019,31,El Poblado,1,21.598642857142856,8.8,21.879348445965213,10.1,20.96992621899059,38.1,1.0
2019,32,El Poblado,1,22.56467770034843,0.0,20.987724550898204,21.4,20.98482142857143,29.8,5.0
2019,33,El Poblado,5,21.651785714285715,6.1,21.598642857142856,8.8,21.879348445965213,10.1,1.0
2019,34,El Poblado,1,22.284559452523524,1.874,22.56467770034843,0.0,20.987724550898204,21.4,4.0
2019,35,El Poblado,4,22.22268246187364,3.834,21.651785714285715,6.1,21.598642857142856,8.8,2.0
2019,36,El Poblado,2,22.34106060606061,51.072,22.284559452523524,1.874,22.56467770034843,0.0,2.0
2019,38,El Poblado,2,19.6575,72.412,22.34106060606061,51.072,22.284559452523524,1.874,1.0
2019,39,El Poblado,1,20.242107716580605,84.449,22.580755649717513,93.228,22.22268246187364,3.834,1.0
2019,40,El Poblado,1,19.811947533504423,64.07900000000001,19.6575,72.412,22.34106060606061,51.072,1.0
2019,41,El Poblado,1,19.94417347123934,33.158,20.242107716580605,84.449,22.580755649717513,93.228,1.0
2019,42,El Poblado,1,19.741271645021644,77.337,19.811947533504423,64.07900000000001,19.6575,72.412,2.0
2019,43,El Poblado,2,19.449855945521215,123.856,19.94417347123934,33.158,20.242107716580605,84.449,1.0
2019,44,El Poblado,1,20.33673054587689,99.606,19.741271645021644,77.337,19.811947533504423,64.07900000000001,3.0
2019,45,El Poblado,3,20.32371212121212,90.394,19.449855945521215,123.856,19.94417347123934,33.158,3.0
2019,47,El Poblado,3,19.34214826839827,179.652,20.32371212121212,90.394,19.449855945521215,123.856,2.0
2019,48,El Poblado,2,21.175400983746794,15.971,19.280833333333334,86.971,20.33673054587689,99.606,2.0
2019,49,El Poblado,2,20.334424603174604,19.691000000000003,19.34214826839827,179.652,20.32371212121212,90.394,2.0
2019,51,El Poblado,2,21.011607142857144,19.577,20.334424603174604,19.691000000000003,19.34214826839827,179.652,3.0
2019,52,El Poblado,3,21.583768177929855,44.2,19.78839285714286,65.613,21.175400983746794,15.971,2.0
2020,1,El Poblado,2,20.126536796536797,30.362,21.011607142857144,19.577,20.334424603174604,19.691000000000003,1.0
2020,2,El Poblado,1,20.4320533888402,0.0,21.583768177929855,44.2,19.78839285714286,65.613,3.0
2020,7,El Poblado,3,22.251461723930078,11.719000000000001,20.95476907630522,30.737000000000002,22.372500815394652,0.0,1.0
2020,8,El Poblado,1,22.024197722567287,66.928,21.638881401617247,3.067,20.1506599378882,74.81,1.0
2020,9,El Poblado,1,21.29524600504626,6.045,22.251461723930078,11.719000000000001,20.95476907630522,30.737000000000002,2.0
2020,10,El Poblado,2,22.29136904761905,2.717,22.024197722567287,66.928,21.638881401617247,3.067,1.0
2020,13,El Poblado,1,21.103600750645086,14.557,20.87708333333333,58.356,21.29524600504626,6.045,1.0
2020,14,El Poblado,1,22.622377622377623,17.193,20.727558016877637,24.101999999999997,22.29136904761905,2.717,1.0
2020,15,El Poblado,1,23.511805555555554,16.224,21.103600750645086,14.557,20.87708333333333,58.356,1.0
2020,17,El Poblado,1,21.92035928143713,5.307,23.511805555555554,16.224,21.103600750645086,14.557,1.0
2020,22,El Poblado,1,21.941666666666663,29.251,23.538607594936707,3.535,23.235928143712574,1.909,1.0
2020,24,El Poblado,1,21.921818181818185,0.728,21.941666666666663,29.251,23.538607594936707,3.535,2.0
2020,25,El Poblado,2,21.43109756097561,2.254,22.179166666666667,4.182,23.55875,15.329,1.0
2020,32,El Poblado,1,23.7144578313253,0.441,21.11377245508982,2.478,21.12606060606061,2.173,1.0
2020,49,El Poblado,1,21.50718562874252,0.168,20.81556886227545,0.676,21.37393939393939,2.657,1.0
2021,1,El Poblado,1,20.79824561403509,4.157,21.16216216216216,41.654,21.87702702702703,0.104,1.0
2021,4,El Poblado,1,22.497350993377484,0.004,22.226595744680854,9.776,21.34331210191083,1.006,1.0
2021,8,El Poblado,1,22.01095890410959,13.375,21.885802469135804,2.532,22.497350993377484,0.004,1.0
2021,12,El Poblado,1,20.632608695652173,53.73,20.119266055045877,22.298,22.01095890410959,13.375,1.0
2021,14,El Poblado,1,21.49051724137931,13.827,20.632608695652173,53.73,20.119266055045877,22.298,1.0
2021,15,El Poblado,1,22.4336,9.414,21.968852459016396,14.651,19.77338129496403,121.614,1.0
2021,23,El Poblado,1,20.729936305732483,63.645,21.37559523809524,40.812,21.725,13.605,3.0
2021,30,El Poblado,3,22.093333333333334,29.423,22.665269461077845,57.513,22.07857142857143,20.0,1.0
2021,35,El Poblado,1,21.0,78.581,20.85462962962963,26.892,22.59820359281437,14.463,1.0
2021,36,El Poblado,1,20.991071428571427,28.044,21.30328947368421,29.291,21.43956834532374,48.203,1.0
2021,37,El Poblado,1,22.90974025974026,30.613,21.0,78.581,20.85462962962963,26.892,3.0
2021,39,El Poblado,3,21.13869047619048,29.588,22.90974025974026,30.613,21.0,78.581,1.0
2021,40,El Poblado,1,22.26095890410959,26.694,21.57202797202797,41.942,20.991071428571427,28.044,3.0
2021,43,El Poblado,3,20.47142857142857,70.393,21.166060606060608,55.467,21.13869047619048,29.588,1.0
2021,48,El Poblado,1,21.5,38.38,21.20969696969697,32.828,21.271856287425152,6.029,1.0
2021,52,El Poblado,1,21.106586826347307,16.294999999999998,21.12619047619048,16.234,21.5,38.38,
2017,1,Guayabal,6,20.30386904761905,11.716000000000001,,,,,7.0
2017,2,Guayabal,7,19.29287918871252,1.0390000000000001,,,,,2.0
2017,3,Guayabal,2,19.181688311688312,30.721,20.30386904761905,11.716000000000001,,,2.0
2017,4,Guayabal,2,20.63125,,19.29287918871252,1.0390000000000001,,,3.0
2017,5,Guayabal,3,21.180059523809526,1.5950000000000002,19.181688311688312,30.721,20.30386904761905,11.716000000000001,5.0
2017,6,Guayabal,5,21.408035714285717,1.8929999999999998,20.63125,,19.29287918871252,1.0390000000000001,5.0
2017,7,Guayabal,5,20.375515041345878,10.851,21.180059523809526,1.5950000000000002,19.181688311688312,30.721,1.0
2017,8,Guayabal,1,19.97134776095869,120.549,21.408035714285717,1.8929999999999998,20.63125,,3.0
2017,9,Guayabal,3,20.148988095238096,38.852000000000004,20.375515041345878,10.851,21.180059523809526,1.5950000000000002,2.0
2017,10,Guayabal,2,19.051488095238096,106.376,19.97134776095869,120.549,21.408035714285717,1.8929999999999998,1.0
2017,11,Guayabal,1,19.25224358974359,94.74199999999999,20.148988095238096,38.852000000000004,20.375515041345878,10.851,1.0
2017,12,Guayabal,1,19.27172619047619,105.09800000000001,19.051488095238096,106.376,19.97134776095869,120.549,3.0
2017,13,Guayabal,3,20.10198578746122,172.739,19.25224358974359,94.74199999999999,20.148988095238096,38.852000000000004,2.0
2017,14,Guayabal,2,21.110778443113773,44.946,19.27172619047619,105.09800000000001,19.051488095238096,106.376,2.0
2017,15,Guayabal,2,20.376488095238095,28.35,20.10198578746122,172.739,19.25224358974359,94.74199999999999,3.0
2017,17,Guayabal,3,20.7125,120.792,20.376488095238095,28.35,20.10198578746122,172.739,2.0
2017,19,Guayabal,2,19.364150270886796,98.997,20.7125,120.792,20.376488095238095,28.35,4.0
2017,21,Guayabal,4,21.50029761904762,5.035,19.364150270886796,98.997,20.7125,120.792,1.0
2017,25,Guayabal,1,20.299999999999997,58.189,20.687693452380955,103.055,21.50029761904762,5.035,1.0
2017,26,Guayabal,1,20.762824675324673,106.402,19.27596770744226,73.822,22.031569004847448,18.01,1.0
2017,27,Guayabal,1,22.02601351351351,6.064,20.299999999999997,58.189,20.687693452380955,103.055,1.0
2017,28,Guayabal,1,19.86391694725028,18.069,20.762824675324673,106.402,19.27596770744226,73.822,2.0
2017,30,Guayabal,2,22.080308219178086,0.325,19.86391694725028,18.069,20.762824675324673,106.402,1.0
2017,31,Guayabal,1,20.839872798434442,27.232,21.29785973229225,23.009,22.02601351351351,6.064,3.0
2017,32,Guayabal,3,21.427187461811073,62.252,22.080308219178086,0.325,19.86391694725028,18.069,1.0
2017,33,Guayabal,1,20.811791944062186,80.828,20.839872798434442,27.232,21.29785973229225,23.009,1.0
2017,35,Guayabal,1,20.95571535500428,45.766999999999996,20.811791944062186,80.828,20.839872798434442,27.232,1.0
2017,37,Guayabal,1,20.543082368082366,108.944,20.95571535500428,45.766999999999996,20.811791944062186,80.828,1.0
2017,38,Guayabal,1,20.53001290877797,83.201,20.048809523809524,138.48200000000003,20.984730538922154,27.445999999999998,2.0
2017,40,Guayabal,2,19.5602991355778,95.911,20.53001290877797,83.201,20.048809523809524,138.48200000000003,1.0
2017,42,Guayabal,1,21.79917857142857,36.388,19.5602991355778,95.911,20.53001290877797,83.201,2.0
2017,44,Guayabal,2,19.52467532467532,51.763999999999996,21.79917857142857,36.388,19.5602991355778,95.911,1.0
2017,45,Guayabal,1,19.95096585804133,8.887,18.59555860805861,42.842,20.355227726365452,22.633000000000003,2.0
2017,47,Guayabal,2,20.031569004847448,50.376999999999995,19.95096585804133,8.887,18.59555860805861,42.842,1.0
2017,49,Guayabal,1,20.544477911646588,117.631,20.031569004847448,50.376999999999995,19.95096585804133,8.887,1.0
2017,52,Guayabal,1,19.089713796477493,45.818,20.267112204163105,19.587,20.248511904761905,31.853,1.0
2018,1,Guayabal,1,19.193154761904765,102.94200000000001,20.676129261363638,0.0,20.544477911646588,117.631,2.0
2018,2,Guayabal,2,19.02767857142857,119.844,19.089713796477493,45.818,20.267112204163105,19.587,1.0
2018,3,Guayabal,1,19.335714285714282,39.298,19.193154761904765,102.94200000000001,20.676129261363638,0.0,2.0
2018,6,Guayabal,2,20.715027239709435,0.202,20.57010535890245,3.5540000000000003,19.02767857142857,119.844,1.0
2018,10,Guayabal,1,21.815285714285714,8.573,20.60892857142857,22.154,20.715027239709435,0.202,1.0
2018,11,Guayabal,1,21.319489614901325,12.459,21.317857142857143,7.182,21.39940476190476,58.16,2.0
2018,13,Guayabal,2,19.54548581408611,157.524,21.319489614901325,12.459,21.317857142857143,7.182,1.0
2018,14,Guayabal,1,19.19099479612204,76.149,19.967559523809523,124.558,21.815285714285714,8.573,1.0
2018,16,Guayabal,1,20.69217992586256,33.08,19.19099479612204,76.149,19.967559523809523,124.558,4.0
2018,17,Guayabal,4,19.98843321226796,110.944,19.22521742229826,140.014,19.54548581408611,157.524,1.0
2018,20,Guayabal,1,19.373109138865125,174.89100000000002,19.686904761904763,97.144,20.69217992586256,33.08,1.0
2018,21,Guayabal,1,20.285416666666663,90.48,18.926375075346595,235.89100000000002,19.98843321226796,110.944,2.0
2018,23,Guayabal,2,21.702083333333334,1.981,20.285416666666663,90.48,18.926375075346595,235.89100000000002,1.0
2018,24,Guayabal,1,21.077564513829483,40.980999999999995,20.247916666666665,124.488,19.373109138865125,174.89100000000002,1.0
2018,26,Guayabal,1,19.641964285714288,35.028999999999996,21.077564513829483,40.980999999999995,20.247916666666665,124.488,3.0
2018,27,Guayabal,3,20.83869047619048,45.870000000000005,20.782665343915344,65.938,21.702083333333334,1.981,2.0
2018,28,Guayabal,2,21.99434523809524,2.033,19.641964285714288,35.028999999999996,21.077564513829483,40.980999999999995,3.0
2018,29,Guayabal,3,21.19891906873614,18.116,20.83869047619048,45.870000000000005,20.782665343915344,65.938,3.0
2018,30,Guayabal,3,18.92559523809524,28.7,21.99434523809524,2.033,19.641964285714288,35.028999999999996,2.0
2018,31,Guayabal,2,18.89593253968254,34.6,21.19891906873614,18.116,20.83869047619048,45.870000000000005,1.0
2018,32,Guayabal,1,21.707008448540705,0.033,18.92559523809524,28.7,21.99434523809524,2.033,2.0
2018,34,Guayabal,2,21.933630952380952,9.211,21.707008448540705,0.033,18.92559523809524,28.7,1.0
2018,35,Guayabal,1,21.44077380952381,28.060000000000002,21.16390977443609,38.207,18.89593253968254,34.6,1.0
2018,39,Guayabal,1,20.383035714285715,132.032,19.54732142857143,101.31299999999999,21.44077380952381,28.060000000000002,1.0
2018,40,Guayabal,1,19.59791666666667,244.417,21.439583333333335,43.509,19.647619047619045,167.208,1.0
2018,41,Guayabal,1,19.407738095238095,81.641,20.383035714285715,132.032,19.54732142857143,101.31299999999999,1.0
2018,42,Guayabal,1,19.423627744510977,107.757,19.59791666666667,244.417,21.439583333333335,43.509,1.0
2018,43,Guayabal,1,20.06755952380952,44.153,19.407738095238095,81.641,20.383035714285715,132.032,1.0
2018,45,Guayabal,1,19.776190476190475,36.817,20.06755952380952,44.153,19.407738095238095,81.641,1.0
2018,47,Guayabal,1,20.163392857142856,228.88299999999998,19.776190476190475,36.817,20.06755952380952,44.153,1.0
2018,48,Guayabal,1,19.56934523809524,38.900999999999996,20.524666737952664,43.536,19.163027680397313,121.576,2.0
2018,52,Guayabal,2,21.199107142857144,0.0,20.68204604130809,6.422000000000001,19.56934523809524,38.900999999999996,2.0
2019,2,Guayabal,2,19.181845238095235,44.163,21.199107142857144,0.0,20.68204604130809,6.422000000000001,1.0
2019,10,Guayabal,1,21.135758839463932,25.105,20.707722055888226,105.743,20.980059523809523,0.732,1.0
2019,12,Guayabal,1,19.45817805383023,68.6,21.135758839463932,25.105,20.707722055888226,105.743,1.0
2019,20,Guayabal,1,20.026488095238093,73.3,22.4164156626506,0.0,20.26900662959795,30.4,1.0
2019,22,Guayabal,1,19.456845238095237,62.1,20.026488095238093,73.3,22.4164156626506,0.0,2.0
2019,23,Guayabal,2,20.99731784279977,37.8,19.680952380952377,64.3,20.93189117929051,38.6,1.0
2019,24,Guayabal,1,21.176957831325304,18.4,19.456845238095237,62.1,20.026488095238093,73.3,1.0
2019,27,Guayabal,1,20.96992621899059,38.1,22.412554112554112,0.1,20.99731784279977,37.8,1.0
2019,28,Guayabal,1,20.98482142857143,29.8,21.656854148845166,3.2,21.176957831325304,18.4,1.0
2019,29,Guayabal,1,21.879348445965213,10.1,20.96992621899059,38.1,22.412554112554112,0.1,2.0
2019,31,Guayabal,2,21.598642857142856,8.8,21.879348445965213,10.1,20.96992621899059,38.1,1.0
2019,32,Guayabal,1,22.56467770034843,0.0,20.987724550898204,21.4,20.98482142857143,29.8,1.0
2019,33,Guayabal,1,21.651785714285715,6.1,21.598642857142856,8.8,21.879348445965213,10.1,2.0
2019,34,Guayabal,2,22.284559452523524,1.874,22.56467770034843,0.0,20.987724550898204,21.4,2.0
2019,37,Guayabal,2,22.580755649717513,93.228,22.22268246187364,3.834,21.651785714285715,6.1,1.0
2019,39,Guayabal,1,20.242107716580605,84.449,22.580755649717513,93.228,22.22268246187364,3.834,1.0
2019,41,Guayabal,1,19.94417347123934,33.158,20.242107716580605,84.449,22.580755649717513,93.228,2.0
2019,42,Guayabal,2,19.741271645021644,77.337,19.811947533504423,64.07900000000001,19.6575,72.412,1.0
2019,43,Guayabal,1,19.449855945521215,123.856,19.94417347123934,33.158,20.242107716580605,84.449,4.0
2019,45,Guayabal,4,20.32371212121212,90.394,19.449855945521215,123.856,19.94417347123934,33.158,1.0
2019,47,Guayabal,1,19.34214826839827,179.652,20.32371212121212,90.394,19.449855945521215,123.856,1.0
2019,48,Guayabal,1,21.175400983746794,15.971,19.280833333333334,86.971,20.33673054587689,99.606,1.0
2019,50,Guayabal,1,19.78839285714286,65.613,21.175400983746794,15.971,19.280833333333334,86.971,2.0
2019,51,Guayabal,2,21.011607142857144,19.577,20.334424603174604,19.691000000000003,19.34214826839827,179.652,1.0
2020,2,Guayabal,1,20.4320533888402,0.0,21.583768177929855,44.2,19.78839285714286,65.613,1.0
2020,4,Guayabal,1,20.1506599378882,74.81,20.4320533888402,0.0,21.583768177929855,44.2,1.0
2020,7,Guayabal,1,22.251461723930078,11.719000000000001,20.95476907630522,30.737000000000002,22.372500815394652,0.0,1.0
2020,8,Guayabal,1,22.024197722567287,66.928,21.638881401617247,3.067,20.1506599378882,74.81,1.0
2020,11,Guayabal,1,20.87708333333333,58.356,21.29524600504626,6.045,22.251461723930078,11.719000000000001,1.0
2020,12,Guayabal,1,20.727558016877637,24.101999999999997,22.29136904761905,2.717,22.024197722567287,66.928,1.0
2020,13,Guayabal,1,21.103600750645086,14.557,20.87708333333333,58.356,21.29524600504626,6.045,1.0
2020,27,Guayabal,1,21.517532467532465,1.376,21.43109756097561,2.254,22.179166666666667,4.182,1.0
2020,35,Guayabal,1,21.288622754491016,0.157,22.53265306122449,11.477,22.63154761904762,4.338,1.0
2021,46,Guayabal,1,21.20969696969697,32.828,21.271856287425152,6.029,21.2375,39.122,1.0
2021,48,Guayabal,1,21.5,38.38,21.20969696969697,32.828,21.271856287425152,6.029,
2017,1,La America,4,20.30386904761905,11.716000000000001,,,,,6.0
2017,2,La America,6,19.29287918871252,1.0390000000000001,,,,,9.0
2017,3,La America,9,19.181688311688312,30.721,20.30386904761905,11.716000000000001,,,3.0
2017,4,La America,3,20.63125,,19.29287918871252,1.0390000000000001,,,2.0
2017,6,La America,2,21.408035714285717,1.8929999999999998,20.63125,,19.29287918871252,1.0390000000000001,2.0
2017,7,La America,2,20.375515041345878,10.851,21.180059523809526,1.5950000000000002,19.181688311688312,30.721,1.0
2017,8,La America,1,19.97134776095869,120.549,21.408035714285717,1.8929999999999998,20.63125,,3.0
2017,9,La America,3,20.148988095238096,38.852000000000004,20.375515041345878,10.851,21.180059523809526,1.5950000000000002,1.0
2017,10,La America,1,19.051488095238096,106.376,19.97134776095869,120.549,21.408035714285717,1.8929999999999998,2.0
2017,11,La America,2,19.25224358974359,94.74199999999999,20.148988095238096,38.852000000000004,20.375515041345878,10.851,1.0
2017,12,La America,1,19.27172619047619,105.09800000000001,19.051488095238096,106.376,19.97134776095869,120.549,1.0
2017,13,La America,1,20.10198578746122,172.739,19.25224358974359,94.74199999999999,20.148988095238096,38.852000000000004,1.0
2017,14,La America,1,21.110778443113773,44.946,19.27172619047619,105.09800000000001,19.051488095238096,106.376,6.0
2017,16,La America,6,20.133928571428577,33.571,21.110778443113773,44.946,19.27172619047619,105.09800000000001,2.0
2017,17,La America,2,20.7125,120.792,20.376488095238095,28.35,20.10198578746122,172.739,1.0
2017,18,La America,1,19.254166666666666,115.362,20.133928571428577,33.571,21.110778443113773,44.946,2.0
2017,19,La America,2,19.364150270886796,98.997,20.7125,120.792,20.376488095238095,28.35,2.0
2017,20,La America,2,20.583057100085547,147.251,19.254166666666666,115.362,20.133928571428577,33.571,3.0
2017,21,La America,3,21.50029761904762,5.035,19.364150270886796,98.997,20.7125,120.792,1.0
2017,22,La America,1,22.031569004847448,18.01,20.583057100085547,147.251,19.254166666666666,115.362,3.0
2017,23,La America,3,20.687693452380955,103.055,21.50029761904762,5.035,19.364150270886796,98.997,1.0
2017,24,La America,1,19.27596770744226,73.822,22.031569004847448,18.01,20.583057100085547,147.251,2.0
2017,25,La America,2,20.299999999999997,58.189,20.687693452380955,103.055,21.50029761904762,5.035,1.0
2017,26,La America,1,20.762824675324673,106.402,19.27596770744226,73.822,22.031569004847448,18.01,4.0
2017,27,La America,4,22.02601351351351,6.064,20.299999999999997,58.189,20.687693452380955,103.055,2.0
2017,30,La America,2,22.080308219178086,0.325,19.86391694725028,18.069,20.762824675324673,106.402,4.0
2017,31,La America,4,20.839872798434442,27.232,21.29785973229225,23.009,22.02601351351351,6.064,2.0
2017,32,La America,2,21.427187461811073,62.252,22.080308219178086,0.325,19.86391694725028,18.069,3.0
2017,34,La America,3,20.984730538922154,27.445999999999998,21.427187461811073,62.252,22.080308219178086,0.325,1.0
2017,35,La America,1,20.95571535500428,45.766999999999996,20.811791944062186,80.828,20.839872798434442,27.232,3.0
2017,36,La America,3,20.048809523809524,138.48200000000003,20.984730538922154,27.445999999999998,21.427187461811073,62.252,2.0
2017,37,La America,2,20.543082368082366,108.944,20.95571535500428,45.766999999999996,20.811791944062186,80.828,1.0
2017,39,La America,1,19.83614982578397,60.737,20.543082368082366,108.944,20.95571535500428,45.766999999999996,1.0
2017,41,La America,1,20.355227726365452,22.633000000000003,19.83614982578397,60.737,20.543082368082366,108.944,1.0
2017,43,La America,1,18.59555860805861,42.842,20.355227726365452,22.633000000000003,19.83614982578397,60.737,1.0
2017,44,La America,1,19.52467532467532,51.763999999999996,21.79917857142857,36.388,19.5602991355778,95.911,1.0
2017,47,La America,1,20.031569004847448,50.376999999999995,19.95096585804133,8.887,18.59555860805861,42.842,1.0
2017,48,La America,1,20.248511904761905,31.853,19.21347147349506,104.48599999999999,19.52467532467532,51.763999999999996,2.0
2017,51,La America,2,20.676129261363638,0.0,20.544477911646588,117.631,20.031569004847448,50.376999999999995,1.0
2018,1,La America,1,19.193154761904765,102.94200000000001,20.676129261363638,0.0,20.544477911646588,117.631,1.0
2018,2,La America,1,19.02767857142857,119.844,19.089713796477493,45.818,20.267112204163105,19.587,1.0
2018,3,La America,1,19.335714285714282,39.298,19.193154761904765,102.94200000000001,20.676129261363638,0.0,3.0
2018,4,La America,3,20.57010535890245,3.5540000000000003,19.02767857142857,119.844,19.089713796477493,45.818,2.0
2018,5,La America,2,20.89712552742616,55.019,19.335714285714282,39.298,19.193154761904765,102.94200000000001,2.0
2018,6,La America,2,20.715027239709435,0.202,20.57010535890245,3.5540000000000003,19.02767857142857,119.844,1.0
2018,7,La America,1,21.39940476190476,58.16,20.89712552742616,55.019,19.335714285714282,39.298,1.0
2018,8,La America,1,20.60892857142857,22.154,20.715027239709435,0.202,20.57010535890245,3.5540000000000003,1.0
2018,11,La America,1,21.319489614901325,12.459,21.317857142857143,7.182,21.39940476190476,58.16,1.0
2018,12,La America,1,19.967559523809523,124.558,21.815285714285714,8.573,20.60892857142857,22.154,3.0
2018,13,La America,3,19.54548581408611,157.524,21.319489614901325,12.459,21.317857142857143,7.182,2.0
2018,14,La America,2,19.19099479612204,76.149,19.967559523809523,124.558,21.815285714285714,8.573,1.0
2018,15,La America,1,19.22521742229826,140.014,19.54548581408611,157.524,21.319489614901325,12.459,1.0
2018,17,La America,1,19.98843321226796,110.944,19.22521742229826,140.014,19.54548581408611,157.524,1.0
2018,19,La America,1,18.926375075346595,235.89100000000002,19.98843321226796,110.944,19.22521742229826,140.014,1.0
2018,26,La America,1,19.641964285714288,35.028999999999996,21.077564513829483,40.980999999999995,20.247916666666665,124.488,1.0
2018,27,La America,1,20.83869047619048,45.870000000000005,20.782665343915344,65.938,21.702083333333334,1.981,2.0
2018,28,La America,2,21.99434523809524,2.033,19.641964285714288,35.028999999999996,21.077564513829483,40.980999999999995,1.0
2018,30,La America,1,18.92559523809524,28.7,21.99434523809524,2.033,19.641964285714288,35.028999999999996,1.0
2018,31,La America,1,18.89593253968254,34.6,21.19891906873614,18.116,20.83869047619048,45.870000000000005,2.0
2018,32,La America,2,21.707008448540705,0.033,18.92559523809524,28.7,21.99434523809524,2.033,1.0
2018,35,La America,1,21.44077380952381,28.060000000000002,21.16390977443609,38.207,18.89593253968254,34.6,1.0
2018,36,La America,1,19.647619047619045,167.208,21.933630952380952,9.211,21.707008448540705,0.033,1.0
2018,37,La America,1,19.54732142857143,101.31299999999999,21.44077380952381,28.060000000000002,21.16390977443609,38.207,1.0
2018,38,La America,1,21.439583333333335,43.509,19.647619047619045,167.208,21.933630952380952,9.211,4.0
2018,40,La America,4,19.59791666666667,244.417,21.439583333333335,43.509,19.647619047619045,167.208,4.0
2018,41,La America,4,19.407738095238095,81.641,20.383035714285715,132.032,19.54732142857143,101.31299999999999,1.0
2018,43,La America,1,20.06755952380952,44.153,19.407738095238095,81.641,20.383035714285715,132.032,2.0
2018,45,La America,2,19.776190476190475,36.817,20.06755952380952,44.153,19.407738095238095,81.641,2.0
2018,47,La America,2,20.163392857142856,228.88299999999998,19.776190476190475,36.817,20.06755952380952,44.153,1.0
2018,48,La America,1,19.56934523809524,38.900999999999996,20.524666737952664,43.536,19.163027680397313,121.576,1.0
2018,49,La America,1,19.92142857142857,11.767,20.163392857142856,228.88299999999998,19.776190476190475,36.817,2.0
2018,51,La America,2,20.358630952380953,5.2010000000000005,19.92142857142857,11.767,20.163392857142856,228.88299999999998,1.0
2018,52,La America,1,21.199107142857144,0.0,20.68204604130809,6.422000000000001,19.56934523809524,38.900999999999996,1.0
2019,1,La America,1,21.702083333333334,48.616,20.358630952380953,5.2010000000000005,19.92142857142857,11.767,1.0
2019,2,La America,1,19.181845238095235,44.163,21.199107142857144,0.0,20.68204604130809,6.422000000000001,1.0
2019,3,La America,1,20.54761904761905,16.539,21.702083333333334,48.616,20.358630952380953,5.2010000000000005,2.0
2019,10,La America,2,21.135758839463932,25.105,20.707722055888226,105.743,20.980059523809523,0.732,1.0
2019,11,La America,1,21.175892857142856,14.3,19.816071428571426,121.411,21.84583333333333,2.823,2.0
2019,15,La America,2,20.6625,45.8,20.43244047619048,65.8,21.175892857142856,14.3,1.0
2019,16,La America,1,20.26900662959795,30.4,19.54794426048565,81.5,19.45817805383023,68.6,3.0
2019,17,La America,3,20.517857142857146,35.1,20.6625,45.8,20.43244047619048,65.8,2.0
2019,18,La America,2,22.4164156626506,0.0,20.26900662959795,30.4,19.54794426048565,81.5,1.0
2019,20,La America,1,20.026488095238093,73.3,22.4164156626506,0.0,20.26900662959795,30.4,1.0
2019,21,La America,1,19.680952380952377,64.3,20.93189117929051,38.6,20.517857142857146,35.1,7.0
2019,23,La America,7,20.99731784279977,37.8,19.680952380952377,64.3,20.93189117929051,38.6,2.0
2019,24,La America,2,21.176957831325304,18.4,19.456845238095237,62.1,20.026488095238093,73.3,2.0
2019,25,La America,2,22.412554112554112,0.1,20.99731784279977,37.8,19.680952380952377,64.3,3.0
2019,26,La America,3,21.656854148845166,3.2,21.176957831325304,18.4,19.456845238095237,62.1,3.0
2019,27,La America,3,20.96992621899059,38.1,22.412554112554112,0.1,20.99731784279977,37.8,1.0
2019,29,La America,1,21.879348445965213,10.1,20.96992621899059,38.1,22.412554112554112,0.1,1.0
2019,30,La America,1,20.987724550898204,21.4,20.98482142857143,29.8,21.656854148845166,3.2,1.0
2019,32,La America,1,22.56467770034843,0.0,20.987724550898204,21.4,20.98482142857143,29.8,3.0
2019,34,La America,3,22.284559452523524,1.874,22.56467770034843,0.0,20.987724550898204,21.4,1.0
2019,35,La America,1,22.22268246187364,3.834,21.651785714285715,6.1,21.598642857142856,8.8,1.0
2019,38,La America,1,19.6575,72.412,22.34106060606061,51.072,22.284559452523524,1.874,1.0
2019,44,La America,1,20.33673054587689,99.606,19.741271645021644,77.337,19.811947533504423,64.07900000000001,1.0
2019,47,La America,1,19.34214826839827,179.652,20.32371212121212,90.394,19.449855945521215,123.856,1.0
2019,49,La America,1,20.334424603174604,19.691000000000003,19.34214826839827,179.652,20.32371212121212,90.394,1.0
2019,52,La America,1,21.583768177929855,44.2,19.78839285714286,65.613,21.175400983746794,15.971,2.0
2020,1,La America,2,20.126536796536797,30.362,21.011607142857144,19.577,20.334424603174604,19.691000000000003,2.0
2020,2,La America,2,20.4320533888402,0.0,21.583768177929855,44.2,19.78839285714286,65.613,1.0
2020,5,La America,1,20.95476907630522,30.737000000000002,22.372500815394652,0.0,20.126536796536797,30.362,1.0
2020,6,La America,1,21.638881401617247,3.067,20.1506599378882,74.81,20.4320533888402,0.0,2.0
2020,7,La America,2,22.251461723930078,11.719000000000001,20.95476907630522,30.737000000000002,22.372500815394652,0.0,2.0
2020,8,La America,2,22.024197722567287,66.928,21.638881401617247,3.067,20.1506599378882,74.81,1.0
2020,19,La America,1,24.81878787878788,3.148,21.92035928143713,5.307,23.511805555555554,16.224,1.0
2020,20,La America,1,23.538607594936707,3.535,23.235928143712574,1.909,21.433532934131737,28.7,1.0
2020,23,La America,1,22.179166666666667,4.182,23.55875,15.329,24.81878787878788,3.148,1.0
2020,24,La America,1,21.921818181818185,0.728,21.941666666666663,29.251,23.538607594936707,3.535,1.0
2020,25,La America,1,21.43109756097561,2.254,22.179166666666667,4.182,23.55875,15.329,1.0
2020,34,La America,1,21.538414634146346,0.427,23.7144578313253,0.441,21.11377245508982,2.478,1.0
2021,14,La America,1,21.49051724137931,13.827,20.632608695652173,53.73,20.119266055045877,22.298,1.0
2021,20,La America,1,22.01077844311377,11.27,18.33333333333333,0.321,27.0,0.0,2.0
2021,24,La America,2,21.65952380952381,53.314,21.811904761904763,44.339,22.01077844311377,11.27,1.0
2021,26,La America,1,22.07857142857143,20.0,21.65952380952381,53.314,21.811904761904763,44.339,1.0
2021,34,La America,1,21.30328947368421,29.291,21.43956834532374,48.203,22.093333333333334,29.423,1.0
2021,42,La America,1,21.2375,39.122,22.26095890410959,26.694,21.57202797202797,41.942,1.0
2021,50,La America,1,21.12619047619048,16.234,21.5,38.38,21.20969696969697,32.828,
2017,1,La Candelaria,3,20.30386904761905,11.716000000000001,,,,,1.0
2017,2,La Candelaria,1,19.29287918871252,1.0390000000000001,,,,,3.0
2017,3,La Candelaria,3,19.181688311688312,30.721,20.30386904761905,11.716000000000001,,,2.0
2017,4,La Candelaria,2,20.63125,,19.29287918871252,1.0390000000000001,,,1.0
2017,5,La Candelaria,1,21.180059523809526,1.5950000000000002,19.181688311688312,30.721,20.30386904761905,11.716000000000001,1.0
2017,6,La Candelaria,1,21.408035714285717,1.8929999999999998,20.63125,,19.29287918871252,1.0390000000000001,2.0
2017,7,La Candelaria,2,20.375515041345878,10.851,21.180059523809526,1.5950000000000002,19.181688311688312,30.721,2.0
2017,8,La Candelaria,2,19.97134776095869,120.549,21.408035714285717,1.8929999999999998,20.63125,,3.0
2017,9,La Candelaria,3,20.148988095238096,38.852000000000004,20.375515041345878,10.851,21.180059523809526,1.5950000000000002,2.0
2017,10,La Candelaria,2,19.051488095238096,106.376,19.97134776095869,120.549,21.408035714285717,1.8929999999999998,2.0
2017,11,La Candelaria,2,19.25224358974359,94.74199999999999,20.148988095238096,38.852000000000004,20.375515041345878,10.851,2.0
2017,12,La Candelaria,2,19.27172619047619,105.09800000000001,19.051488095238096,106.376,19.97134776095869,120.549,3.0
2017,13,La Candelaria,3,20.10198578746122,172.739,19.25224358974359,94.74199999999999,20.148988095238096,38.852000000000004,4.0
2017,14,La Candelaria,4,21.110778443113773,44.946,19.27172619047619,105.09800000000001,19.051488095238096,106.376,2.0
2017,15,La Candelaria,2,20.376488095238095,28.35,20.10198578746122,172.739,19.25224358974359,94.74199999999999,3.0
2017,16,La Candelaria,3,20.133928571428577,33.571,21.110778443113773,44.946,19.27172619047619,105.09800000000001,1.0
2017,17,La Candelaria,1,20.7125,120.792,20.376488095238095,28.35,20.10198578746122,172.739,1.0
2017,18,La Candelaria,1,19.254166666666666,115.362,20.133928571428577,33.571,21.110778443113773,44.946,3.0
2017,19,La Candelaria,3,19.364150270886796,98.997,20.7125,120.792,20.376488095238095,28.35,3.0
2017,20,La Candelaria,3,20.583057100085547,147.251,19.254166666666666,115.362,20.133928571428577,33.571,2.0
2017,22,La Candelaria,2,22.031569004847448,18.01,20.583057100085547,147.251,19.254166666666666,115.362,5.0
2017,23,La Candelaria,5,20.687693452380955,103.055,21.50029761904762,5.035,19.364150270886796,98.997,2.0
2017,24,La Candelaria,2,19.27596770744226,73.822,22.031569004847448,18.01,20.583057100085547,147.251,2.0
2017,26,La Candelaria,2,20.762824675324673,106.402,19.27596770744226,73.822,22.031569004847448,18.01,3.0
2017,28,La Candelaria,3,19.86391694725028,18.069,20.762824675324673,106.402,19.27596770744226,73.822,4.0
2017,29,La Candelaria,4,21.29785973229225,23.009,22.02601351351351,6.064,20.299999999999997,58.189,2.0
2017,30,La Candelaria,2,22.080308219178086,0.325,19.86391694725028,18.069,20.762824675324673,106.402,3.0
2017,31,La Candelaria,3,20.839872798434442,27.232,21.29785973229225,23.009,22.02601351351351,6.064,1.0
2017,32,La Candelaria,1,21.427187461811073,62.252,22.080308219178086,0.325,19.86391694725028,18.069,4.0
2017,34,La Candelaria,4,20.984730538922154,27.445999999999998,21.427187461811073,62.252,22.080308219178086,0.325,1.0
2017,35,La Candelaria,1,20.95571535500428,45.766999999999996,20.811791944062186,80.828,20.839872798434442,27.232,1.0
2017,36,La Candelaria,1,20.048809523809524,138.48200000000003,20.984730538922154,27.445999999999998,21.427187461811073,62.252,2.0
2017,37,La Candelaria,2,20.543082368082366,108.944,20.95571535500428,45.766999999999996,20.811791944062186,80.828,3.0
2017,38,La Candelaria,3,20.53001290877797,83.201,20.048809523809524,138.48200000000003,20.984730538922154,27.445999999999998,2.0
2017,39,La Candelaria,2,19.83614982578397,60.737,20.543082368082366,108.944,20.95571535500428,45.766999999999996,4.0
2017,40,La Candelaria,4,19.5602991355778,95.911,20.53001290877797,83.201,20.048809523809524,138.48200000000003,3.0
2017,41,La Candelaria,3,20.355227726365452,22.633000000000003,19.83614982578397,60.737,20.543082368082366,108.944,1.0
2017,42,La Candelaria,1,21.79917857142857,36.388,19.5602991355778,95.911,20.53001290877797,83.201,3.0
2017,43,La Candelaria,3,18.59555860805861,42.842,20.355227726365452,22.633000000000003,19.83614982578397,60.737,1.0
2017,44,La Candelaria,1,19.52467532467532,51.763999999999996,21.79917857142857,36.388,19.5602991355778,95.911,2.0
2017,47,La Candelaria,2,20.031569004847448,50.376999999999995,19.95096585804133,8.887,18.59555860805861,42.842,1.0
2017,49,La Candelaria,1,20.544477911646588,117.631,20.031569004847448,50.376999999999995,19.95096585804133,8.887,3.0
2017,50,La Candelaria,3,20.267112204163105,19.587,20.248511904761905,31.853,19.21347147349506,104.48599999999999,2.0
2018,2,La Candelaria,2,19.02767857142857,119.844,19.089713796477493,45.818,20.267112204163105,19.587,3.0
2018,3,La Candelaria,3,19.335714285714282,39.298,19.193154761904765,102.94200000000001,20.676129261363638,0.0,2.0
2018,4,La Candelaria,2,20.57010535890245,3.5540000000000003,19.02767857142857,119.844,19.089713796477493,45.818,2.0
2018,5,La Candelaria,2,20.89712552742616,55.019,19.335714285714282,39.298,19.193154761904765,102.94200000000001,2.0
2018,6,La Candelaria,2,20.715027239709435,0.202,20.57010535890245,3.5540000000000003,19.02767857142857,119.844,2.0
2018,7,La Candelaria,2,21.39940476190476,58.16,20.89712552742616,55.019,19.335714285714282,39.298,1.0
2018,8,La Candelaria,1,20.60892857142857,22.154,20.715027239709435,0.202,20.57010535890245,3.5540000000000003,1.0
2018,9,La Candelaria,1,21.317857142857143,7.182,21.39940476190476,58.16,20.89712552742616,55.019,2.0
2018,10,La Candelaria,2,21.815285714285714,8.573,20.60892857142857,22.154,20.715027239709435,0.202,2.0
2018,14,La Candelaria,2,19.19099479612204,76.149,19.967559523809523,124.558,21.815285714285714,8.573,1.0
2018,15,La Candelaria,1,19.22521742229826,140.014,19.54548581408611,157.524,21.319489614901325,12.459,1.0
2018,17,La Candelaria,1,19.98843321226796,110.944,19.22521742229826,140.014,19.54548581408611,157.524,1.0
2018,18,La Candelaria,1,19.686904761904763,97.144,20.69217992586256,33.08,19.19099479612204,76.149,2.0
2018,20,La Candelaria,2,19.373109138865125,174.89100000000002,19.686904761904763,97.144,20.69217992586256,33.08,1.0
2018,21,La Candelaria,1,20.285416666666663,90.48,18.926375075346595,235.89100000000002,19.98843321226796,110.944,1.0
2018,23,La Candelaria,1,21.702083333333334,1.981,20.285416666666663,90.48,18.926375075346595,235.89100000000002,3.0
2018,25,La Candelaria,3,20.782665343915344,65.938,21.702083333333334,1.981,20.285416666666663,90.48,2.0
2018,26,La Candelaria,2,19.641964285714288,35.028999999999996,21.077564513829483,40.980999999999995,20.247916666666665,124.488,1.0
2018,27,La Candelaria,1,20.83869047619048,45.870000000000005,20.782665343915344,65.938,21.702083333333334,1.981,1.0
2018,28,La Candelaria,1,21.99434523809524,2.033,19.641964285714288,35.028999999999996,21.077564513829483,40.980999999999995,1.0
2018,30,La Candelaria,1,18.92559523809524,28.7,21.99434523809524,2.033,19.641964285714288,35.028999999999996,1.0
2018,32,La Candelaria,1,21.707008448540705,0.033,18.92559523809524,28.7,21.99434523809524,2.033,1.0
2018,34,La Candelaria,1,21.933630952380952,9.211,21.707008448540705,0.033,18.92559523809524,28.7,1.0
2018,35,La Candelaria,1,21.44077380952381,28.060000000000002,21.16390977443609,38.207,18.89593253968254,34.6,2.0
2018,36,La Candelaria,2,19.647619047619045,167.208,21.933630952380952,9.211,21.707008448540705,0.033,1.0
2018,37,La Candelaria,1,19.54732142857143,101.31299999999999,21.44077380952381,28.060000000000002,21.16390977443609,38.207,1.0
2018,38,La Candelaria,1,21.439583333333335,43.509,19.647619047619045,167.208,21.933630952380952,9.211,1.0
2018,39,La Candelaria,1,20.383035714285715,132.032,19.54732142857143,101.31299999999999,21.44077380952381,28.060000000000002,4.0
2018,41,La Candelaria,4,19.407738095238095,81.641,20.383035714285715,132.032,19.54732142857143,101.31299999999999,3.0
2018,42,La Candelaria,3,19.423627744510977,107.757,19.59791666666667,244.417,21.439583333333335,43.509,2.0
2018,43,La Candelaria,2,20.06755952380952,44.153,19.407738095238095,81.641,20.383035714285715,132.032,2.0
2018,44,La Candelaria,2,19.163027680397313,121.576,19.423627744510977,107.757,19.59791666666667,244.417,3.0
2018,45,La Candelaria,3,19.776190476190475,36.817,20.06755952380952,44.153,19.407738095238095,81.641,1.0
2018,47,La Candelaria,1,20.163392857142856,228.88299999999998,19.776190476190475,36.817,20.06755952380952,44.153,1.0
2018,48,La Candelaria,1,19.56934523809524,38.900999999999996,20.524666737952664,43.536,19.163027680397313,121.576,2.0
2018,49,La Candelaria,2,19.92142857142857,11.767,20.163392857142856,228.88299999999998,19.776190476190475,36.817,1.0
2018,50,La Candelaria,1,20.68204604130809,6.422000000000001,19.56934523809524,38.900999999999996,20.524666737952664,43.536,2.0
2018,51,La Candelaria,2,20.358630952380953,5.2010000000000005,19.92142857142857,11.767,20.163392857142856,228.88299999999998,1.0
2019,3,La Candelaria,1,20.54761904761905,16.539,21.702083333333334,48.616,20.358630952380953,5.2010000000000005,1.0
2019,4,La Candelaria,1,21.96904761904762,0.876,19.181845238095235,44.163,21.199107142857144,0.0,2.0
2019,6,La Candelaria,2,20.980059523809523,0.732,21.96904761904762,0.876,19.181845238095235,44.163,1.0
2019,8,La Candelaria,1,20.707722055888226,105.743,20.980059523809523,0.732,21.96904761904762,0.876,3.0
2019,9,La Candelaria,3,19.816071428571426,121.411,21.84583333333333,2.823,20.58469489592244,19.978,1.0
2019,10,La Candelaria,1,21.135758839463932,25.105,20.707722055888226,105.743,20.980059523809523,0.732,1.0
2019,11,La Candelaria,1,21.175892857142856,14.3,19.816071428571426,121.411,21.84583333333333,2.823,2.0
2019,12,La Candelaria,2,19.45817805383023,68.6,21.135758839463932,25.105,20.707722055888226,105.743,1.0
2019,13,La Candelaria,1,20.43244047619048,65.8,21.175892857142856,14.3,19.816071428571426,121.411,1.0
2019,14,La Candelaria,1,19.54794426048565,81.5,19.45817805383023,68.6,21.135758839463932,25.105,1.0
2019,16,La Candelaria,1,20.26900662959795,30.4,19.54794426048565,81.5,19.45817805383023,68.6,2.0
2019,18,La Candelaria,2,22.4164156626506,0.0,20.26900662959795,30.4,19.54794426048565,81.5,1.0
2019,21,La Candelaria,1,19.680952380952377,64.3,20.93189117929051,38.6,20.517857142857146,35.1,1.0
2019,22,La Candelaria,1,19.456845238095237,62.1,20.026488095238093,73.3,22.4164156626506,0.0,3.0
2019,23,La Candelaria,3,20.99731784279977,37.8,19.680952380952377,64.3,20.93189117929051,38.6,1.0
2019,24,La Candelaria,1,21.176957831325304,18.4,19.456845238095237,62.1,20.026488095238093,73.3,1.0
2019,25,La Candelaria,1,22.412554112554112,0.1,20.99731784279977,37.8,19.680952380952377,64.3,2.0
2019,26,La Candelaria,2,21.656854148845166,3.2,21.176957831325304,18.4,19.456845238095237,62.1,2.0
2019,27,La Candelaria,2,20.96992621899059,38.1,22.412554112554112,0.1,20.99731784279977,37.8,3.0
2019,28,La Candelaria,3,20.98482142857143,29.8,21.656854148845166,3.2,21.176957831325304,18.4,2.0
2019,30,La Candelaria,2,20.987724550898204,21.4,20.98482142857143,29.8,21.656854148845166,3.2,1.0
2019,31,La Candelaria,1,21.598642857142856,8.8,21.879348445965213,10.1,20.96992621899059,38.1,2.0
2019,32,La Candelaria,2,22.56467770034843,0.0,20.987724550898204,21.4,20.98482142857143,29.8,3.0
2019,33,La Candelaria,3,21.651785714285715,6.1,21.598642857142856,8.8,21.879348445965213,10.1,2.0
2019,34,La Candelaria,2,22.284559452523524,1.874,22.56467770034843,0.0,20.987724550898204,21.4,1.0
2019,36,La Candelaria,1,22.34106060606061,51.072,22.284559452523524,1.874,22.56467770034843,0.0,4.0
2019,38,La Candelaria,4,19.6575,72.412,22.34106060606061,51.072,22.284559452523524,1.874,1.0
2019,39,La Candelaria,1,20.242107716580605,84.449,22.580755649717513,93.228,22.22268246187364,3.834,1.0
2019,40,La Candelaria,1,19.811947533504423,64.07900000000001,19.6575,72.412,22.34106060606061,51.072,1.0
2019,41,La Candelaria,1,19.94417347123934,33.158,20.242107716580605,84.449,22.580755649717513,93.228,1.0
2019,42,La Candelaria,1,19.741271645021644,77.337,19.811947533504423,64.07900000000001,19.6575,72.412,2.0
2019,43,La Candelaria,2,19.449855945521215,123.856,19.94417347123934,33.158,20.242107716580605,84.449,5.0
2019,45,La Candelaria,5,20.32371212121212,90.394,19.449855945521215,123.856,19.94417347123934,33.158,1.0
2019,46,La Candelaria,1,19.280833333333334,86.971,20.33673054587689,99.606,19.741271645021644,77.337,2.0
2019,47,La Candelaria,2,19.34214826839827,179.652,20.32371212121212,90.394,19.449855945521215,123.856,2.0
2019,49,La Candelaria,2,20.334424603174604,19.691000000000003,19.34214826839827,179.652,20.32371212121212,90.394,1.0
2019,50,La Candelaria,1,19.78839285714286,65.613,21.175400983746794,15.971,19.280833333333334,86.971,1.0
2020,1,La Candelaria,1,20.126536796536797,30.362,21.011607142857144,19.577,20.334424603174604,19.691000000000003,4.0
2020,2,La Candelaria,4,20.4320533888402,0.0,21.583768177929855,44.2,19.78839285714286,65.613,1.0
2020,3,La Candelaria,1,22.372500815394652,0.0,20.126536796536797,30.362,21.011607142857144,19.577,1.0
2020,5,La Candelaria,1,20.95476907630522,30.737000000000002,22.372500815394652,0.0,20.126536796536797,30.362,3.0
2020,6,La Candelaria,3,21.638881401617247,3.067,20.1506599378882,74.81,20.4320533888402,0.0,3.0
2020,7,La Candelaria,3,22.251461723930078,11.719000000000001,20.95476907630522,30.737000000000002,22.372500815394652,0.0,1.0
2020,8,La Candelaria,1,22.024197722567287,66.928,21.638881401617247,3.067,20.1506599378882,74.81,2.0
2020,10,La Candelaria,2,22.29136904761905,2.717,22.024197722567287,66.928,21.638881401617247,3.067,1.0
2020,20,La Candelaria,1,23.538607594936707,3.535,23.235928143712574,1.909,21.433532934131737,28.7,1.0
2020,25,La Candelaria,1,21.43109756097561,2.254,22.179166666666667,4.182,23.55875,15.329,2.0
2020,26,La Candelaria,2,22.36050955414013,1.069,21.921818181818185,0.728,21.941666666666663,29.251,1.0
2020,36,La Candelaria,1,21.273652694610774,4.556,21.538414634146346,0.427,23.7144578313253,0.441,1.0
2020,39,La Candelaria,1,21.70719424460432,0.004,21.530379746835443,7.606,21.288622754491016,0.157,1.0
2020,41,La Candelaria,1,21.17910447761194,0.004,21.70719424460432,0.004,21.530379746835443,7.606,1.0
2020,43,La Candelaria,1,21.12546583850932,0.924,21.17910447761194,0.004,21.70719424460432,0.004,1.0
2020,47,La Candelaria,1,20.81556886227545,0.676,21.37393939393939,2.657,21.12546583850932,0.924,1.0
2021,3,La Candelaria,1,22.061486486486487,3.492,20.79824561403509,4.157,21.16216216216216,41.654,1.0
2021,6,La Candelaria,1,21.885802469135804,2.532,22.497350993377484,0.004,22.226595744680854,9.776,2.0
2021,9,La Candelaria,2,21.064462809917355,51.03,21.081617647058824,0.768,23.397959183673468,1.098,2.0
2021,10,La Candelaria,2,20.119266055045877,22.298,22.01095890410959,13.375,21.885802469135804,2.532,1.0
2021,19,La Candelaria,1,21.725,13.605,,0.0,22.4336,9.414,1.0
2021,34,La Candelaria,1,21.30328947368421,29.291,21.43956834532374,48.203,22.093333333333334,29.423,1.0
2021,37,La Candelaria,1,22.90974025974026,30.613,21.0,78.581,20.85462962962963,26.892,1.0
2021,38,La Candelaria,1,21.57202797202797,41.942,20.991071428571427,28.044,21.30328947368421,29.291,1.0
2021,45,La Candelaria,1,20.645454545454545,71.947,20.47142857142857,70.393,21.166060606060608,55.467,2.0
2021,47,La Candelaria,2,20.374305555555555,52.711,20.645454545454545,71.947,20.47142857142857,70.393,1.0
2021,52,La Candelaria,1,21.106586826347307,16.294999999999998,21.12619047619048,16.234,21.5,38.38,
2017,1,Laureles,5,20.30386904761905,11.716000000000001,,,,,1.0
2017,2,Laureles,1,19.29287918871252,1.0390000000000001,,,,,3.0
2017,3,Laureles,3,19.181688311688312,30.721,20.30386904761905,11.716000000000001,,,1.0
2017,4,Laureles,1,20.63125,,19.29287918871252,1.0390000000000001,,,2.0
2017,5,Laureles,2,21.180059523809526,1.5950000000000002,19.181688311688312,30.721,20.30386904761905,11.716000000000001,2.0
2017,7,Laureles,2,20.375515041345878,10.851,21.180059523809526,1.5950000000000002,19.181688311688312,30.721,2.0
2017,8,Laureles,2,19.97134776095869,120.549,21.408035714285717,1.8929999999999998,20.63125,,2.0
2017,10,Laureles,2,19.051488095238096,106.376,19.97134776095869,120.549,21.408035714285717,1.8929999999999998,2.0
2017,11,Laureles,2,19.25224358974359,94.74199999999999,20.148988095238096,38.852000000000004,20.375515041345878,10.851,3.0
2017,14,Laureles,3,21.110778443113773,44.946,19.27172619047619,105.09800000000001,19.051488095238096,106.376,1.0
2017,15,Laureles,1,20.376488095238095,28.35,20.10198578746122,172.739,19.25224358974359,94.74199999999999,6.0
2017,16,Laureles,6,20.133928571428577,33.571,21.110778443113773,44.946,19.27172619047619,105.09800000000001,2.0
2017,19,Laureles,2,19.364150270886796,98.997,20.7125,120.792,20.376488095238095,28.35,2.0
2017,20,Laureles,2,20.583057100085547,147.251,19.254166666666666,115.362,20.133928571428577,33.571,2.0
2017,21,Laureles,2,21.50029761904762,5.035,19.364150270886796,98.997,20.7125,120.792,2.0
2017,22,Laureles,2,22.031569004847448,18.01,20.583057100085547,147.251,19.254166666666666,115.362,1.0
2017,24,Laureles,1,19.27596770744226,73.822,22.031569004847448,18.01,20.583057100085547,147.251,2.0
2017,25,Laureles,2,20.299999999999997,58.189,20.687693452380955,103.055,21.50029761904762,5.035,3.0
2017,27,Laureles,3,22.02601351351351,6.064,20.299999999999997,58.189,20.687693452380955,103.055,4.0
2017,28,Laureles,4,19.86391694725028,18.069,20.762824675324673,106.402,19.27596770744226,73.822,3.0
2017,29,Laureles,3,21.29785973229225,23.009,22.02601351351351,6.064,20.299999999999997,58.189,1.0
2017,30,Laureles,1,22.080308219178086,0.325,19.86391694725028,18.069,20.762824675324673,106.402,1.0
2017,31,Laureles,1,20.839872798434442,27.232,21.29785973229225,23.009,22.02601351351351,6.064,1.0
2017,32,Laureles,1,21.427187461811073,62.252,22.080308219178086,0.325,19.86391694725028,18.069,1.0
2017,33,Laureles,1,20.811791944062186,80.828,20.839872798434442,27.232,21.29785973229225,23.009,2.0
2017,35,Laureles,2,20.95571535500428,45.766999999999996,20.811791944062186,80.828,20.839872798434442,27.232,1.0
2017,36,Laureles,1,20.048809523809524,138.48200000000003,20.984730538922154,27.445999999999998,21.427187461811073,62.252,1.0
2017,37,Laureles,1,20.543082368082366,108.944,20.95571535500428,45.766999999999996,20.811791944062186,80.828,2.0
2017,38,Laureles,2,20.53001290877797,83.201,20.048809523809524,138.48200000000003,20.984730538922154,27.445999999999998,5.0
2017,41,Laureles,5,20.355227726365452,22.633000000000003,19.83614982578397,60.737,20.543082368082366,108.944,1.0
2017,42,Laureles,1,21.79917857142857,36.388,19.5602991355778,95.911,20.53001290877797,83.201,1.0
2017,44,Laureles,1,19.52467532467532,51.763999999999996,21.79917857142857,36.388,19.5602991355778,95.911,3.0
2017,45,Laureles,3,19.95096585804133,8.887,18.59555860805861,42.842,20.355227726365452,22.633000000000003,1.0
2017,47,Laureles,1,20.031569004847448,50.376999999999995,19.95096585804133,8.887,18.59555860805861,42.842,2.0
2017,48,Laureles,2,20.248511904761905,31.853,19.21347147349506,104.48599999999999,19.52467532467532,51.763999999999996,3.0
2017,49,Laureles,3,20.544477911646588,117.631,20.031569004847448,50.376999999999995,19.95096585804133,8.887,1.0
2017,52,Laureles,1,19.089713796477493,45.818,20.267112204163105,19.587,20.248511904761905,31.853,1.0
2018,2,Laureles,1,19.02767857142857,119.844,19.089713796477493,45.818,20.267112204163105,19.587,2.0
2018,3,Laureles,2,19.335714285714282,39.298,19.193154761904765,102.94200000000001,20.676129261363638,0.0,1.0
2018,4,Laureles,1,20.57010535890245,3.5540000000000003,19.02767857142857,119.844,19.089713796477493,45.818,2.0
2018,5,Laureles,2,20.89712552742616,55.019,19.335714285714282,39.298,19.193154761904765,102.94200000000001,2.0
2018,6,Laureles,2,20.715027239709435,0.202,20.57010535890245,3.5540000000000003,19.02767857142857,119.844,3.0
2018,7,Laureles,3,21.39940476190476,58.16,20.89712552742616,55.019,19.335714285714282,39.298,1.0
2018,8,Laureles,1,20.60892857142857,22.154,20.715027239709435,0.202,20.57010535890245,3.5540000000000003,1.0
2018,11,Laureles,1,21.319489614901325,12.459,21.317857142857143,7.182,21.39940476190476,58.16,2.0
2018,13,Laureles,2,19.54548581408611,157.524,21.319489614901325,12.459,21.317857142857143,7.182,1.0
2018,14,Laureles,1,19.19099479612204,76.149,19.967559523809523,124.558,21.815285714285714,8.573,1.0
2018,16,Laureles,1,20.69217992586256,33.08,19.19099479612204,76.149,19.967559523809523,124.558,1.0
2018,17,Laureles,1,19.98843321226796,110.944,19.22521742229826,140.014,19.54548581408611,157.524,3.0
2018,20,Laureles,3,19.373109138865125,174.89100000000002,19.686904761904763,97.144,20.69217992586256,33.08,1.0
2018,21,Laureles,1,20.285416666666663,90.48,18.926375075346595,235.89100000000002,19.98843321226796,110.944,2.0
2018,23,Laureles,2,21.702083333333334,1.981,20.285416666666663,90.48,18.926375075346595,235.89100000000002,2.0
2018,24,Laureles,2,21.077564513829483,40.980999999999995,20.247916666666665,124.488,19.373109138865125,174.89100000000002,2.0
2018,26,Laureles,2,19.641964285714288,35.028999999999996,21.077564513829483,40.980999999999995,20.247916666666665,124.488,2.0
2018,27,Laureles,2,20.83869047619048,45.870000000000005,20.782665343915344,65.938,21.702083333333334,1.981,3.0
2018,28,Laureles,3,21.99434523809524,2.033,19.641964285714288,35.028999999999996,21.077564513829483,40.980999999999995,1.0
2018,30,Laureles,1,18.92559523809524,28.7,21.99434523809524,2.033,19.641964285714288,35.028999999999996,2.0
2018,31,Laureles,2,18.89593253968254,34.6,21.19891906873614,18.116,20.83869047619048,45.870000000000005,1.0
2018,33,Laureles,1,21.16390977443609,38.207,18.89593253968254,34.6,21.19891906873614,18.116,1.0
2018,34,Laureles,1,21.933630952380952,9.211,21.707008448540705,0.033,18.92559523809524,28.7,4.0
2018,35,Laureles,4,21.44077380952381,28.060000000000002,21.16390977443609,38.207,18.89593253968254,34.6,1.0
2018,38,Laureles,1,21.439583333333335,43.509,19.647619047619045,167.208,21.933630952380952,9.211,1.0
2018,39,Laureles,1,20.383035714285715,132.032,19.54732142857143,101.31299999999999,21.44077380952381,28.060000000000002,1.0
2018,42,Laureles,1,19.423627744510977,107.757,19.59791666666667,244.417,21.439583333333335,43.509,3.0
2018,43,Laureles,3,20.06755952380952,44.153,19.407738095238095,81.641,20.383035714285715,132.032,1.0
2018,46,Laureles,1,20.524666737952664,43.536,19.163027680397313,121.576,19.423627744510977,107.757,1.0
2018,47,Laureles,1,20.163392857142856,228.88299999999998,19.776190476190475,36.817,20.06755952380952,44.153,5.0
2018,48,Laureles,5,19.56934523809524,38.900999999999996,20.524666737952664,43.536,19.163027680397313,121.576,1.0
2018,49,Laureles,1,19.92142857142857,11.767,20.163392857142856,228.88299999999998,19.776190476190475,36.817,4.0
2018,50,Laureles,4,20.68204604130809,6.422000000000001,19.56934523809524,38.900999999999996,20.524666737952664,43.536,1.0
2018,51,Laureles,1,20.358630952380953,5.2010000000000005,19.92142857142857,11.767,20.163392857142856,228.88299999999998,1.0
2019,3,Laureles,1,20.54761904761905,16.539,21.702083333333334,48.616,20.358630952380953,5.2010000000000005,1.0
2019,4,Laureles,1,21.96904761904762,0.876,19.181845238095235,44.163,21.199107142857144,0.0,1.0
2019,6,Laureles,1,20.980059523809523,0.732,21.96904761904762,0.876,19.181845238095235,44.163,2.0
2019,9,Laureles,2,19.816071428571426,121.411,21.84583333333333,2.823,20.58469489592244,19.978,3.0
2019,10,Laureles,3,21.135758839463932,25.105,20.707722055888226,105.743,20.980059523809523,0.732,2.0
2019,11,Laureles,2,21.175892857142856,14.3,19.816071428571426,121.411,21.84583333333333,2.823,1.0
2019,12,Laureles,1,19.45817805383023,68.6,21.135758839463932,25.105,20.707722055888226,105.743,2.0
2019,13,Laureles,2,20.43244047619048,65.8,21.175892857142856,14.3,19.816071428571426,121.411,1.0
2019,14,Laureles,1,19.54794426048565,81.5,19.45817805383023,68.6,21.135758839463932,25.105,1.0
2019,16,Laureles,1,20.26900662959795,30.4,19.54794426048565,81.5,19.45817805383023,68.6,1.0
2019,18,Laureles,1,22.4164156626506,0.0,20.26900662959795,30.4,19.54794426048565,81.5,1.0
2019,19,Laureles,1,20.93189117929051,38.6,20.517857142857146,35.1,20.6625,45.8,1.0
2019,22,Laureles,1,19.456845238095237,62.1,20.026488095238093,73.3,22.4164156626506,0.0,1.0
2019,23,Laureles,1,20.99731784279977,37.8,19.680952380952377,64.3,20.93189117929051,38.6,1.0
2019,25,Laureles,1,22.412554112554112,0.1,20.99731784279977,37.8,19.680952380952377,64.3,2.0
2019,27,Laureles,2,20.96992621899059,38.1,22.412554112554112,0.1,20.99731784279977,37.8,1.0
2019,28,Laureles,1,20.98482142857143,29.8,21.656854148845166,3.2,21.176957831325304,18.4,1.0
2019,29,Laureles,1,21.879348445965213,10.1,20.96992621899059,38.1,22.412554112554112,0.1,1.0
2019,30,Laureles,1,20.987724550898204,21.4,20.98482142857143,29.8,21.656854148845166,3.2,1.0
2019,32,Laureles,1,22.56467770034843,0.0,20.987724550898204,21.4,20.98482142857143,29.8,2.0
2019,34,Laureles,2,22.284559452523524,1.874,22.56467770034843,0.0,20.987724550898204,21.4,1.0
2019,35,Laureles,1,22.22268246187364,3.834,21.651785714285715,6.1,21.598642857142856,8.8,1.0
2019,36,Laureles,1,22.34106060606061,51.072,22.284559452523524,1.874,22.56467770034843,0.0,1.0
2019,38,Laureles,1,19.6575,72.412,22.34106060606061,51.072,22.284559452523524,1.874,1.0
2019,39,Laureles,1,20.242107716580605,84.449,22.580755649717513,93.228,22.22268246187364,3.834,1.0
2019,41,Laureles,1,19.94417347123934,33.158,20.242107716580605,84.449,22.580755649717513,93.228,1.0
2019,42,Laureles,1,19.741271645021644,77.337,19.811947533504423,64.07900000000001,19.6575,72.412,1.0
2019,45,Laureles,1,20.32371212121212,90.394,19.449855945521215,123.856,19.94417347123934,33.158,2.0
2019,46,Laureles,2,19.280833333333334,86.971,20.33673054587689,99.606,19.741271645021644,77.337,1.0
2019,47,Laureles,1,19.34214826839827,179.652,20.32371212121212,90.394,19.449855945521215,123.856,2.0
2019,49,Laureles,2,20.334424603174604,19.691000000000003,19.34214826839827,179.652,20.32371212121212,90.394,1.0
2019,50,Laureles,1,19.78839285714286,65.613,21.175400983746794,15.971,19.280833333333334,86.971,1.0
2019,51,Laureles,1,21.011607142857144,19.577,20.334424603174604,19.691000000000003,19.34214826839827,179.652,1.0
2019,52,Laureles,1,21.583768177929855,44.2,19.78839285714286,65.613,21.175400983746794,15.971,2.0
2020,1,Laureles,2,20.126536796536797,30.362,21.011607142857144,19.577,20.334424603174604,19.691000000000003,2.0
2020,2,Laureles,2,20.4320533888402,0.0,21.583768177929855,44.2,19.78839285714286,65.613,3.0
2020,4,Laureles,3,20.1506599378882,74.81,20.4320533888402,0.0,21.583768177929855,44.2,2.0
2020,5,Laureles,2,20.95476907630522,30.737000000000002,22.372500815394652,0.0,20.126536796536797,30.362,1.0
2020,6,Laureles,1,21.638881401617247,3.067,20.1506599378882,74.81,20.4320533888402,0.0,3.0
2020,7,Laureles,3,22.251461723930078,11.719000000000001,20.95476907630522,30.737000000000002,22.372500815394652,0.0,3.0
2020,10,Laureles,3,22.29136904761905,2.717,22.024197722567287,66.928,21.638881401617247,3.067,1.0
2020,11,Laureles,1,20.87708333333333,58.356,21.29524600504626,6.045,22.251461723930078,11.719000000000001,2.0
2020,12,Laureles,2,20.727558016877637,24.101999999999997,22.29136904761905,2.717,22.024197722567287,66.928,2.0
2020,14,Laureles,2,22.622377622377623,17.193,20.727558016877637,24.101999999999997,22.29136904761905,2.717,1.0
2020,17,Laureles,1,21.92035928143713,5.307,23.511805555555554,16.224,21.103600750645086,14.557,3.0
2020,20,Laureles,3,23.538607594936707,3.535,23.235928143712574,1.909,21.433532934131737,28.7,1.0
2020,21,Laureles,1,23.55875,15.329,24.81878787878788,3.148,21.92035928143713,5.307,2.0
2020,25,Laureles,2,21.43109756097561,2.254,22.179166666666667,4.182,23.55875,15.329,3.0
2020,26,Laureles,3,22.36050955414013,1.069,21.921818181818185,0.728,21.941666666666663,29.251,1.0
2020,27,Laureles,1,21.517532467532465,1.376,21.43109756097561,2.254,22.179166666666667,4.182,3.0
2020,29,Laureles,3,22.683832335329345,1.334,21.517532467532465,1.376,21.43109756097561,2.254,2.0
2020,31,Laureles,2,22.63154761904762,4.338,22.683832335329345,1.334,21.517532467532465,1.376,1.0
2020,33,Laureles,1,22.53265306122449,11.477,22.63154761904762,4.338,22.683832335329345,1.334,1.0
2020,38,Laureles,1,21.171794871794877,0.778,21.273652694610774,4.556,21.538414634146346,0.427,1.0
2020,42,Laureles,1,21.753846153846155,6.502,20.83405797101449,1.507,21.171794871794877,0.778,1.0
2020,46,Laureles,1,20.275694444444444,0.732,21.112676056338028,4.684,21.753846153846155,6.502,1.0
2020,49,Laureles,1,21.50718562874252,0.168,20.81556886227545,0.676,21.37393939393939,2.657,1.0
2020,51,Laureles,1,21.86625,6.224,21.50718562874252,0.168,20.81556886227545,0.676,1.0
2021,3,Laureles,1,22.061486486486487,3.492,20.79824561403509,4.157,21.16216216216216,41.654,1.0
2021,8,Laureles,1,22.01095890410959,13.375,21.885802469135804,2.532,22.497350993377484,0.004,1.0
2021,21,Laureles,1,21.37559523809524,40.812,21.725,13.605,,0.0,1.0
2021,32,Laureles,1,21.43956834532374,48.203,22.093333333333334,29.423,22.665269461077845,57.513,1.0
2021,46,Laureles,1,21.20969696969697,32.828,21.271856287425152,6.029,21.2375,39.122,1.0
2021,51,Laureles,1,21.88132530120482,19.529,21.98273809523809,1.032,20.374305555555555,52.711,1.0
2021,52,Laureles,1,21.106586826347307,16.294999999999998,21.12619047619048,16.234,21.5,38.38,
2017,1,Manrique,6,20.30386904761905,11.716000000000001,,,,,2.0
2017,2,Manrique,2,19.29287918871252,1.0390000000000001,,,,,4.0
2017,3,Manrique,4,19.181688311688312,30.721,20.30386904761905,11.716000000000001,,,7.0
2017,4,Manrique,7,20.63125,,19.29287918871252,1.0390000000000001,,,1.0
2017,5,Manrique,1,21.180059523809526,1.5950000000000002,19.181688311688312,30.721,20.30386904761905,11.716000000000001,5.0
2017,6,Manrique,5,21.408035714285717,1.8929999999999998,20.63125,,19.29287918871252,1.0390000000000001,7.0
2017,7,Manrique,7,20.375515041345878,10.851,21.180059523809526,1.5950000000000002,19.181688311688312,30.721,8.0
2017,8,Manrique,8,19.97134776095869,120.549,21.408035714285717,1.8929999999999998,20.63125,,6.0
2017,9,Manrique,6,20.148988095238096,38.852000000000004,20.375515041345878,10.851,21.180059523809526,1.5950000000000002,6.0
2017,10,Manrique,6,19.051488095238096,106.376,19.97134776095869,120.549,21.408035714285717,1.8929999999999998,3.0
2017,11,Manrique,3,19.25224358974359,94.74199999999999,20.148988095238096,38.852000000000004,20.375515041345878,10.851,3.0
2017,12,Manrique,3,19.27172619047619,105.09800000000001,19.051488095238096,106.376,19.97134776095869,120.549,3.0
2017,13,Manrique,3,20.10198578746122,172.739,19.25224358974359,94.74199999999999,20.148988095238096,38.852000000000004,9.0
2017,14,Manrique,9,21.110778443113773,44.946,19.27172619047619,105.09800000000001,19.051488095238096,106.376,4.0
2017,15,Manrique,4,20.376488095238095,28.35,20.10198578746122,172.739,19.25224358974359,94.74199999999999,4.0
2017,16,Manrique,4,20.133928571428577,33.571,21.110778443113773,44.946,19.27172619047619,105.09800000000001,3.0
2017,17,Manrique,3,20.7125,120.792,20.376488095238095,28.35,20.10198578746122,172.739,1.0
2017,18,Manrique,1,19.254166666666666,115.362,20.133928571428577,33.571,21.110778443113773,44.946,2.0
2017,19,Manrique,2,19.364150270886796,98.997,20.7125,120.792,20.376488095238095,28.35,1.0
2017,20,Manrique,1,20.583057100085547,147.251,19.254166666666666,115.362,20.133928571428577,33.571,1.0
2017,21,Manrique,1,21.50029761904762,5.035,19.364150270886796,98.997,20.7125,120.792,3.0
2017,22,Manrique,3,22.031569004847448,18.01,20.583057100085547,147.251,19.254166666666666,115.362,2.0
2017,23,Manrique,2,20.687693452380955,103.055,21.50029761904762,5.035,19.364150270886796,98.997,1.0
2017,24,Manrique,1,19.27596770744226,73.822,22.031569004847448,18.01,20.583057100085547,147.251,1.0
2017,25,Manrique,1,20.299999999999997,58.189,20.687693452380955,103.055,21.50029761904762,5.035,3.0
2017,26,Manrique,3,20.762824675324673,106.402,19.27596770744226,73.822,22.031569004847448,18.01,2.0
2017,27,Manrique,2,22.02601351351351,6.064,20.299999999999997,58.189,20.687693452380955,103.055,2.0
2017,28,Manrique,2,19.86391694725028,18.069,20.762824675324673,106.402,19.27596770744226,73.822,5.0
2017,29,Manrique,5,21.29785973229225,23.009,22.02601351351351,6.064,20.299999999999997,58.189,2.0
2017,30,Manrique,2,22.080308219178086,0.325,19.86391694725028,18.069,20.762824675324673,106.402,1.0
2017,31,Manrique,1,20.839872798434442,27.232,21.29785973229225,23.009,22.02601351351351,6.064,2.0
2017,32,Manrique,2,21.427187461811073,62.252,22.080308219178086,0.325,19.86391694725028,18.069,1.0
2017,33,Manrique,1,20.811791944062186,80.828,20.839872798434442,27.232,21.29785973229225,23.009,1.0
2017,34,Manrique,1,20.984730538922154,27.445999999999998,21.427187461811073,62.252,22.080308219178086,0.325,2.0
2017,35,Manrique,2,20.95571535500428,45.766999999999996,20.811791944062186,80.828,20.839872798434442,27.232,1.0
2017,36,Manrique,1,20.048809523809524,138.48200000000003,20.984730538922154,27.445999999999998,21.427187461811073,62.252,4.0
2017,37,Manrique,4,20.543082368082366,108.944,20.95571535500428,45.766999999999996,20.811791944062186,80.828,3.0
2017,38,Manrique,3,20.53001290877797,83.201,20.048809523809524,138.48200000000003,20.984730538922154,27.445999999999998,4.0
2017,39,Manrique,4,19.83614982578397,60.737,20.543082368082366,108.944,20.95571535500428,45.766999999999996,5.0
2017,40,Manrique,5,19.5602991355778,95.911,20.53001290877797,83.201,20.048809523809524,138.48200000000003,2.0
2017,41,Manrique,2,20.355227726365452,22.633000000000003,19.83614982578397,60.737,20.543082368082366,108.944,1.0
2017,42,Manrique,1,21.79917857142857,36.388,19.5602991355778,95.911,20.53001290877797,83.201,1.0
2017,43,Manrique,1,18.59555860805861,42.842,20.355227726365452,22.633000000000003,19.83614982578397,60.737,2.0
2017,44,Manrique,2,19.52467532467532,51.763999999999996,21.79917857142857,36.388,19.5602991355778,95.911,2.0
2017,45,Manrique,2,19.95096585804133,8.887,18.59555860805861,42.842,20.355227726365452,22.633000000000003,3.0
2017,46,Manrique,3,19.21347147349506,104.48599999999999,19.52467532467532,51.763999999999996,21.79917857142857,36.388,3.0
2017,47,Manrique,3,20.031569004847448,50.376999999999995,19.95096585804133,8.887,18.59555860805861,42.842,2.0
2017,48,Manrique,2,20.248511904761905,31.853,19.21347147349506,104.48599999999999,19.52467532467532,51.763999999999996,3.0
2017,49,Manrique,3,20.544477911646588,117.631,20.031569004847448,50.376999999999995,19.95096585804133,8.887,1.0
2017,50,Manrique,1,20.267112204163105,19.587,20.248511904761905,31.853,19.21347147349506,104.48599999999999,3.0
2017,51,Manrique,3,20.676129261363638,0.0,20.544477911646588,117.631,20.031569004847448,50.376999999999995,4.0
2017,52,Manrique,4,19.089713796477493,45.818,20.267112204163105,19.587,20.248511904761905,31.853,1.0
2018,3,Manrique,1,19.335714285714282,39.298,19.193154761904765,102.94200000000001,20.676129261363638,0.0,2.0
2018,4,Manrique,2,20.57010535890245,3.5540000000000003,19.02767857142857,119.844,19.089713796477493,45.818,3.0
2018,5,Manrique,3,20.89712552742616,55.019,19.335714285714282,39.298,19.193154761904765,102.94200000000001,1.0
2018,6,Manrique,1,20.715027239709435,0.202,20.57010535890245,3.5540000000000003,19.02767857142857,119.844,2.0
2018,7,Manrique,2,21.39940476190476,58.16,20.89712552742616,55.019,19.335714285714282,39.298,2.0
2018,8,Manrique,2,20.60892857142857,22.154,20.715027239709435,0.202,20.57010535890245,3.5540000000000003,2.0
2018,9,Manrique,2,21.317857142857143,7.182,21.39940476190476,58.16,20.89712552742616,55.019,3.0
2018,10,Manrique,3,21.815285714285714,8.573,20.60892857142857,22.154,20.715027239709435,0.202,2.0
2018,12,Manrique,2,19.967559523809523,124.558,21.815285714285714,8.573,20.60892857142857,22.154,1.0
2018,13,Manrique,1,19.54548581408611,157.524,21.319489614901325,12.459,21.317857142857143,7.182,2.0
2018,15,Manrique,2,19.22521742229826,140.014,19.54548581408611,157.524,21.319489614901325,12.459,1.0
2018,16,Manrique,1,20.69217992586256,33.08,19.19099479612204,76.149,19.967559523809523,124.558,2.0
2018,17,Manrique,2,19.98843321226796,110.944,19.22521742229826,140.014,19.54548581408611,157.524,4.0
2018,18,Manrique,4,19.686904761904763,97.144,20.69217992586256,33.08,19.19099479612204,76.149,3.0
2018,19,Manrique,3,18.926375075346595,235.89100000000002,19.98843321226796,110.944,19.22521742229826,140.014,1.0
2018,20,Manrique,1,19.373109138865125,174.89100000000002,19.686904761904763,97.144,20.69217992586256,33.08,1.0
2018,21,Manrique,1,20.285416666666663,90.48,18.926375075346595,235.89100000000002,19.98843321226796,110.944,1.0
2018,22,Manrique,1,20.247916666666665,124.488,19.373109138865125,174.89100000000002,19.686904761904763,97.144,1.0
2018,24,Manrique,1,21.077564513829483,40.980999999999995,20.247916666666665,124.488,19.373109138865125,174.89100000000002,1.0
2018,25,Manrique,1,20.782665343915344,65.938,21.702083333333334,1.981,20.285416666666663,90.48,1.0
2018,26,Manrique,1,19.641964285714288,35.028999999999996,21.077564513829483,40.980999999999995,20.247916666666665,124.488,2.0
2018,27,Manrique,2,20.83869047619048,45.870000000000005,20.782665343915344,65.938,21.702083333333334,1.981,1.0
2018,28,Manrique,1,21.99434523809524,2.033,19.641964285714288,35.028999999999996,21.077564513829483,40.980999999999995,1.0
2018,32,Manrique,1,21.707008448540705,0.033,18.92559523809524,28.7,21.99434523809524,2.033,2.0
2018,33,Manrique,2,21.16390977443609,38.207,18.89593253968254,34.6,21.19891906873614,18.116,2.0
2018,34,Manrique,2,21.933630952380952,9.211,21.707008448540705,0.033,18.92559523809524,28.7,3.0
2018,35,Manrique,3,21.44077380952381,28.060000000000002,21.16390977443609,38.207,18.89593253968254,34.6,3.0
2018,36,Manrique,3,19.647619047619045,167.208,21.933630952380952,9.211,21.707008448540705,0.033,1.0
2018,37,Manrique,1,19.54732142857143,101.31299999999999,21.44077380952381,28.060000000000002,21.16390977443609,38.207,2.0
2018,38,Manrique,2,21.439583333333335,43.509,19.647619047619045,167.208,21.933630952380952,9.211,1.0
2018,39,Manrique,1,20.383035714285715,132.032,19.54732142857143,101.31299999999999,21.44077380952381,28.060000000000002,2.0
2018,40,Manrique,2,19.59791666666667,244.417,21.439583333333335,43.509,19.647619047619045,167.208,4.0
2018,41,Manrique,4,19.407738095238095,81.641,20.383035714285715,132.032,19.54732142857143,101.31299999999999,2.0
2018,42,Manrique,2,19.423627744510977,107.757,19.59791666666667,244.417,21.439583333333335,43.509,1.0
2018,44,Manrique,1,19.163027680397313,121.576,19.423627744510977,107.757,19.59791666666667,244.417,2.0
2018,45,Manrique,2,19.776190476190475,36.817,20.06755952380952,44.153,19.407738095238095,81.641,1.0
2018,46,Manrique,1,20.524666737952664,43.536,19.163027680397313,121.576,19.423627744510977,107.757,1.0
2018,47,Manrique,1,20.163392857142856,228.88299999999998,19.776190476190475,36.817,20.06755952380952,44.153,2.0
2018,48,Manrique,2,19.56934523809524,38.900999999999996,20.524666737952664,43.536,19.163027680397313,121.576,1.0
2018,49,Manrique,1,19.92142857142857,11.767,20.163392857142856,228.88299999999998,19.776190476190475,36.817,1.0
2018,51,Manrique,1,20.358630952380953,5.2010000000000005,19.92142857142857,11.767,20.163392857142856,228.88299999999998,1.0
2018,52,Manrique,1,21.199107142857144,0.0,20.68204604130809,6.422000000000001,19.56934523809524,38.900999999999996,2.0
2019,1,Manrique,2,21.702083333333334,48.616,20.358630952380953,5.2010000000000005,19.92142857142857,11.767,3.0
2019,2,Manrique,3,19.181845238095235,44.163,21.199107142857144,0.0,20.68204604130809,6.422000000000001,1.0
2019,3,Manrique,1,20.54761904761905,16.539,21.702083333333334,48.616,20.358630952380953,5.2010000000000005,1.0
2019,5,Manrique,1,20.58469489592244,19.978,20.54761904761905,16.539,21.702083333333334,48.616,3.0
2019,6,Manrique,3,20.980059523809523,0.732,21.96904761904762,0.876,19.181845238095235,44.163,1.0
2019,7,Manrique,1,21.84583333333333,2.823,20.58469489592244,19.978,20.54761904761905,16.539,2.0
2019,9,Manrique,2,19.816071428571426,121.411,21.84583333333333,2.823,20.58469489592244,19.978,1.0
2019,10,Manrique,1,21.135758839463932,25.105,20.707722055888226,105.743,20.980059523809523,0.732,1.0
2019,11,Manrique,1,21.175892857142856,14.3,19.816071428571426,121.411,21.84583333333333,2.823,1.0
2019,12,Manrique,1,19.45817805383023,68.6,21.135758839463932,25.105,20.707722055888226,105.743,4.0
2019,13,Manrique,4,20.43244047619048,65.8,21.175892857142856,14.3,19.816071428571426,121.411,2.0
2019,14,Manrique,2,19.54794426048565,81.5,19.45817805383023,68.6,21.135758839463932,25.105,2.0
2019,15,Manrique,2,20.6625,45.8,20.43244047619048,65.8,21.175892857142856,14.3,2.0
2019,16,Manrique,2,20.26900662959795,30.4,19.54794426048565,81.5,19.45817805383023,68.6,3.0
2019,17,Manrique,3,20.517857142857146,35.1,20.6625,45.8,20.43244047619048,65.8,5.0
2019,18,Manrique,5,22.4164156626506,0.0,20.26900662959795,30.4,19.54794426048565,81.5,1.0
2019,19,Manrique,1,20.93189117929051,38.6,20.517857142857146,35.1,20.6625,45.8,2.0
2019,20,Manrique,2,20.026488095238093,73.3,22.4164156626506,0.0,20.26900662959795,30.4,1.0
2019,21,Manrique,1,19.680952380952377,64.3,20.93189117929051,38.6,20.517857142857146,35.1,1.0
2019,22,Manrique,1,19.456845238095237,62.1,20.026488095238093,73.3,22.4164156626506,0.0,1.0
2019,24,Manrique,1,21.176957831325304,18.4,19.456845238095237,62.1,20.026488095238093,73.3,1.0
2019,28,Manrique,1,20.98482142857143,29.8,21.656854148845166,3.2,21.176957831325304,18.4,2.0
2019,29,Manrique,2,21.879348445965213,10.1,20.96992621899059,38.1,22.412554112554112,0.1,2.0
2019,30,Manrique,2,20.987724550898204,21.4,20.98482142857143,29.8,21.656854148845166,3.2,3.0
2019,34,Manrique,3,22.284559452523524,1.874,22.56467770034843,0.0,20.987724550898204,21.4,4.0
2019,35,Manrique,4,22.22268246187364,3.834,21.651785714285715,6.1,21.598642857142856,8.8,1.0
2019,36,Manrique,1,22.34106060606061,51.072,22.284559452523524,1.874,22.56467770034843,0.0,5.0
2019,37,Manrique,5,22.580755649717513,93.228,22.22268246187364,3.834,21.651785714285715,6.1,6.0
2019,38,Manrique,6,19.6575,72.412,22.34106060606061,51.072,22.284559452523524,1.874,9.0
2019,39,Manrique,9,20.242107716580605,84.449,22.580755649717513,93.228,22.22268246187364,3.834,8.0
2019,40,Manrique,8,19.811947533504423,64.07900000000001,19.6575,72.412,22.34106060606061,51.072,5.0
2019,41,Manrique,5,19.94417347123934,33.158,20.242107716580605,84.449,22.580755649717513,93.228,2.0
2019,42,Manrique,2,19.741271645021644,77.337,19.811947533504423,64.07900000000001,19.6575,72.412,1.0
2019,43,Manrique,1,19.449855945521215,123.856,19.94417347123934,33.158,20.242107716580605,84.449,3.0
2019,44,Manrique,3,20.33673054587689,99.606,19.741271645021644,77.337,19.811947533504423,64.07900000000001,4.0
2019,45,Manrique,4,20.32371212121212,90.394,19.449855945521215,123.856,19.94417347123934,33.158,1.0
2019,46,Manrique,1,19.280833333333334,86.971,20.33673054587689,99.606,19.741271645021644,77.337,1.0
2019,47,Manrique,1,19.34214826839827,179.652,20.32371212121212,90.394,19.449855945521215,123.856,1.0
2019,48,Manrique,1,21.175400983746794,15.971,19.280833333333334,86.971,20.33673054587689,99.606,1.0
2019,49,Manrique,1,20.334424603174604,19.691000000000003,19.34214826839827,179.652,20.32371212121212,90.394,3.0
2019,50,Manrique,3,19.78839285714286,65.613,21.175400983746794,15.971,19.280833333333334,86.971,1.0
2019,51,Manrique,1,21.011607142857144,19.577,20.334424603174604,19.691000000000003,19.34214826839827,179.652,1.0
2019,52,Manrique,1,21.583768177929855,44.2,19.78839285714286,65.613,21.175400983746794,15.971,5.0
2020,1,Manrique,5,20.126536796536797,30.362,21.011607142857144,19.577,20.334424603174604,19.691000000000003,3.0
2020,2,Manrique,3,20.4320533888402,0.0,21.583768177929855,44.2,19.78839285714286,65.613,1.0
2020,3,Manrique,1,22.372500815394652,0.0,20.126536796536797,30.362,21.011607142857144,19.577,4.0
2020,6,Manrique,4,21.638881401617247,3.067,20.1506599378882,74.81,20.4320533888402,0.0,1.0
2020,8,Manrique,1,22.024197722567287,66.928,21.638881401617247,3.067,20.1506599378882,74.81,3.0
2020,9,Manrique,3,21.29524600504626,6.045,22.251461723930078,11.719000000000001,20.95476907630522,30.737000000000002,1.0
2020,10,Manrique,1,22.29136904761905,2.717,22.024197722567287,66.928,21.638881401617247,3.067,3.0
2020,11,Manrique,3,20.87708333333333,58.356,21.29524600504626,6.045,22.251461723930078,11.719000000000001,2.0
2020,12,Manrique,2,20.727558016877637,24.101999999999997,22.29136904761905,2.717,22.024197722567287,66.928,1.0
2020,13,Manrique,1,21.103600750645086,14.557,20.87708333333333,58.356,21.29524600504626,6.045,1.0
2020,27,Manrique,1,21.517532467532465,1.376,21.43109756097561,2.254,22.179166666666667,4.182,1.0
2020,35,Manrique,1,21.288622754491016,0.157,22.53265306122449,11.477,22.63154761904762,4.338,2.0
2020,36,Manrique,2,21.273652694610774,4.556,21.538414634146346,0.427,23.7144578313253,0.441,1.0
2020,43,Manrique,1,21.12546583850932,0.924,21.17910447761194,0.004,21.70719424460432,0.004,1.0
2020,51,Manrique,1,21.86625,6.224,21.50718562874252,0.168,20.81556886227545,0.676,1.0
2020,52,Manrique,1,21.16216216216216,41.654,21.87702702702703,0.104,21.475757575757576,0.175,1.0
2021,9,Manrique,1,21.064462809917355,51.03,21.081617647058824,0.768,23.397959183673468,1.098,1.0
2021,12,Manrique,1,20.632608695652173,53.73,20.119266055045877,22.298,22.01095890410959,13.375,1.0
2021,14,Manrique,1,21.49051724137931,13.827,20.632608695652173,53.73,20.119266055045877,22.298,1.0
2021,15,Manrique,1,22.4336,9.414,21.968852459016396,14.651,19.77338129496403,121.614,1.0
2021,18,Manrique,1,18.33333333333333,0.321,27.0,0.0,21.49051724137931,13.827,1.0
2021,25,Manrique,1,20.59583333333333,35.75,20.729936305732483,63.645,21.37559523809524,40.812,1.0
2021,26,Manrique,1,22.07857142857143,20.0,21.65952380952381,53.314,21.811904761904763,44.339,1.0
2021,29,Manrique,1,22.704790419161675,13.932,22.5874251497006,20.381,20.59583333333333,35.75,1.0
2021,32,Manrique,1,21.43956834532374,48.203,22.093333333333334,29.423,22.665269461077845,57.513,1.0
2021,34,Manrique,1,21.30328947368421,29.291,21.43956834532374,48.203,22.093333333333334,29.423,2.0
2021,41,Manrique,2,21.166060606060608,55.467,21.13869047619048,29.588,22.90974025974026,30.613,1.0
2021,47,Manrique,1,20.374305555555555,52.711,20.645454545454545,71.947,20.47142857142857,70.393,
2017,1,Popular,9,20.30386904761905,11.716000000000001,,,,,3.0
2017,2,Popular,3,19.29287918871252,1.0390000000000001,,,,,1.0
2017,3,Popular,1,19.181688311688312,30.721,20.30386904761905,11.716000000000001,,,3.0
2017,4,Popular,3,20.63125,,19.29287918871252,1.0390000000000001,,,4.0
2017,5,Popular,4,21.180059523809526,1.5950000000000002,19.181688311688312,30.721,20.30386904761905,11.716000000000001,3.0
2017,6,Popular,3,21.408035714285717,1.8929999999999998,20.63125,,19.29287918871252,1.0390000000000001,1.0
2017,8,Popular,1,19.97134776095869,120.549,21.408035714285717,1.8929999999999998,20.63125,,1.0
2017,9,Popular,1,20.148988095238096,38.852000000000004,20.375515041345878,10.851,21.180059523809526,1.5950000000000002,3.0
2017,10,Popular,3,19.051488095238096,106.376,19.97134776095869,120.549,21.408035714285717,1.8929999999999998,1.0
2017,11,Popular,1,19.25224358974359,94.74199999999999,20.148988095238096,38.852000000000004,20.375515041345878,10.851,3.0
2017,13,Popular,3,20.10198578746122,172.739,19.25224358974359,94.74199999999999,20.148988095238096,38.852000000000004,4.0
2017,14,Popular,4,21.110778443113773,44.946,19.27172619047619,105.09800000000001,19.051488095238096,106.376,2.0
2017,15,Popular,2,20.376488095238095,28.35,20.10198578746122,172.739,19.25224358974359,94.74199999999999,1.0
2017,16,Popular,1,20.133928571428577,33.571,21.110778443113773,44.946,19.27172619047619,105.09800000000001,2.0
2017,17,Popular,2,20.7125,120.792,20.376488095238095,28.35,20.10198578746122,172.739,1.0
2017,18,Popular,1,19.254166666666666,115.362,20.133928571428577,33.571,21.110778443113773,44.946,3.0
2017,19,Popular,3,19.364150270886796,98.997,20.7125,120.792,20.376488095238095,28.35,1.0
2017,20,Popular,1,20.583057100085547,147.251,19.254166666666666,115.362,20.133928571428577,33.571,1.0
2017,21,Popular,1,21.50029761904762,5.035,19.364150270886796,98.997,20.7125,120.792,4.0
2017,22,Popular,4,22.031569004847448,18.01,20.583057100085547,147.251,19.254166666666666,115.362,1.0
2017,23,Popular,1,20.687693452380955,103.055,21.50029761904762,5.035,19.364150270886796,98.997,4.0
2017,24,Popular,4,19.27596770744226,73.822,22.031569004847448,18.01,20.583057100085547,147.251,2.0
2017,25,Popular,2,20.299999999999997,58.189,20.687693452380955,103.055,21.50029761904762,5.035,3.0
2017,26,Popular,3,20.762824675324673,106.402,19.27596770744226,73.822,22.031569004847448,18.01,1.0
2017,27,Popular,1,22.02601351351351,6.064,20.299999999999997,58.189,20.687693452380955,103.055,4.0
2017,28,Popular,4,19.86391694725028,18.069,20.762824675324673,106.402,19.27596770744226,73.822,3.0
2017,29,Popular,3,21.29785973229225,23.009,22.02601351351351,6.064,20.299999999999997,58.189,1.0
2017,30,Popular,1,22.080308219178086,0.325,19.86391694725028,18.069,20.762824675324673,106.402,1.0
2017,31,Popular,1,20.839872798434442,27.232,21.29785973229225,23.009,22.02601351351351,6.064,1.0
2017,34,Popular,1,20.984730538922154,27.445999999999998,21.427187461811073,62.252,22.080308219178086,0.325,3.0
2017,35,Popular,3,20.95571535500428,45.766999999999996,20.811791944062186,80.828,20.839872798434442,27.232,1.0
2017,36,Popular,1,20.048809523809524,138.48200000000003,20.984730538922154,27.445999999999998,21.427187461811073,62.252,2.0
2017,37,Popular,2,20.543082368082366,108.944,20.95571535500428,45.766999999999996,20.811791944062186,80.828,3.0
2017,38,Popular,3,20.53001290877797,83.201,20.048809523809524,138.48200000000003,20.984730538922154,27.445999999999998,1.0
2017,39,Popular,1,19.83614982578397,60.737,20.543082368082366,108.944,20.95571535500428,45.766999999999996,1.0
2017,40,Popular,1,19.5602991355778,95.911,20.53001290877797,83.201,20.048809523809524,138.48200000000003,2.0
2017,42,Popular,2,21.79917857142857,36.388,19.5602991355778,95.911,20.53001290877797,83.201,3.0
2017,45,Popular,3,19.95096585804133,8.887,18.59555860805861,42.842,20.355227726365452,22.633000000000003,3.0
2017,46,Popular,3,19.21347147349506,104.48599999999999,19.52467532467532,51.763999999999996,21.79917857142857,36.388,1.0
2017,51,Popular,1,20.676129261363638,0.0,20.544477911646588,117.631,20.031569004847448,50.376999999999995,1.0
2017,52,Popular,1,19.089713796477493,45.818,20.267112204163105,19.587,20.248511904761905,31.853,1.0
2018,1,Popular,1,19.193154761904765,102.94200000000001,20.676129261363638,0.0,20.544477911646588,117.631,1.0
2018,2,Popular,1,19.02767857142857,119.844,19.089713796477493,45.818,20.267112204163105,19.587,1.0
2018,4,Popular,1,20.57010535890245,3.5540000000000003,19.02767857142857,119.844,19.089713796477493,45.818,2.0
2018,5,Popular,2,20.89712552742616,55.019,19.335714285714282,39.298,19.193154761904765,102.94200000000001,1.0
2018,6,Popular,1,20.715027239709435,0.202,20.57010535890245,3.5540000000000003,19.02767857142857,119.844,3.0
2018,7,Popular,3,21.39940476190476,58.16,20.89712552742616,55.019,19.335714285714282,39.298,1.0
2018,8,Popular,1,20.60892857142857,22.154,20.715027239709435,0.202,20.57010535890245,3.5540000000000003,3.0
2018,9,Popular,3,21.317857142857143,7.182,21.39940476190476,58.16,20.89712552742616,55.019,1.0
2018,10,Popular,1,21.815285714285714,8.573,20.60892857142857,22.154,20.715027239709435,0.202,1.0
2018,11,Popular,1,21.319489614901325,12.459,21.317857142857143,7.182,21.39940476190476,58.16,2.0
2018,12,Popular,2,19.967559523809523,124.558,21.815285714285714,8.573,20.60892857142857,22.154,2.0
2018,14,Popular,2,19.19099479612204,76.149,19.967559523809523,124.558,21.815285714285714,8.573,2.0
2018,15,Popular,2,19.22521742229826,140.014,19.54548581408611,157.524,21.319489614901325,12.459,1.0
2018,16,Popular,1,20.69217992586256,33.08,19.19099479612204,76.149,19.967559523809523,124.558,4.0
2018,17,Popular,4,19.98843321226796,110.944,19.22521742229826,140.014,19.54548581408611,157.524,3.0
2018,18,Popular,3,19.686904761904763,97.144,20.69217992586256,33.08,19.19099479612204,76.149,1.0
2018,20,Popular,1,19.373109138865125,174.89100000000002,19.686904761904763,97.144,20.69217992586256,33.08,1.0
2018,21,Popular,1,20.285416666666663,90.48,18.926375075346595,235.89100000000002,19.98843321226796,110.944,1.0
2018,22,Popular,1,20.247916666666665,124.488,19.373109138865125,174.89100000000002,19.686904761904763,97.144,1.0
2018,23,Popular,1,21.702083333333334,1.981,20.285416666666663,90.48,18.926375075346595,235.89100000000002,4.0
2018,24,Popular,4,21.077564513829483,40.980999999999995,20.247916666666665,124.488,19.373109138865125,174.89100000000002,2.0
2018,25,Popular,2,20.782665343915344,65.938,21.702083333333334,1.981,20.285416666666663,90.48,2.0
2018,27,Popular,2,20.83869047619048,45.870000000000005,20.782665343915344,65.938,21.702083333333334,1.981,1.0
2018,28,Popular,1,21.99434523809524,2.033,19.641964285714288,35.028999999999996,21.077564513829483,40.980999999999995,2.0
2018,29,Popular,2,21.19891906873614,18.116,20.83869047619048,45.870000000000005,20.782665343915344,65.938,2.0
2018,31,Popular,2,18.89593253968254,34.6,21.19891906873614,18.116,20.83869047619048,45.870000000000005,1.0
2018,33,Popular,1,21.16390977443609,38.207,18.89593253968254,34.6,21.19891906873614,18.116,1.0
2018,34,Popular,1,21.933630952380952,9.211,21.707008448540705,0.033,18.92559523809524,28.7,2.0
2018,35,Popular,2,21.44077380952381,28.060000000000002,21.16390977443609,38.207,18.89593253968254,34.6,1.0
2018,36,Popular,1,19.647619047619045,167.208,21.933630952380952,9.211,21.707008448540705,0.033,1.0
2018,37,Popular,1,19.54732142857143,101.31299999999999,21.44077380952381,28.060000000000002,21.16390977443609,38.207,1.0
2018,38,Popular,1,21.439583333333335,43.509,19.647619047619045,167.208,21.933630952380952,9.211,1.0
2018,41,Popular,1,19.407738095238095,81.641,20.383035714285715,132.032,19.54732142857143,101.31299999999999,1.0
2018,42,Popular,1,19.423627744510977,107.757,19.59791666666667,244.417,21.439583333333335,43.509,2.0
2018,43,Popular,2,20.06755952380952,44.153,19.407738095238095,81.641,20.383035714285715,132.032,1.0
2018,47,Popular,1,20.163392857142856,228.88299999999998,19.776190476190475,36.817,20.06755952380952,44.153,3.0
2018,48,Popular,3,19.56934523809524,38.900999999999996,20.524666737952664,43.536,19.163027680397313,121.576,2.0
2018,50,Popular,2,20.68204604130809,6.422000000000001,19.56934523809524,38.900999999999996,20.524666737952664,43.536,1.0
2018,52,Popular,1,21.199107142857144,0.0,20.68204604130809,6.422000000000001,19.56934523809524,38.900999999999996,1.0
2019,1,Popular,1,21.702083333333334,48.616,20.358630952380953,5.2010000000000005,19.92142857142857,11.767,2.0
2019,2,Popular,2,19.181845238095235,44.163,21.199107142857144,0.0,20.68204604130809,6.422000000000001,1.0
2019,5,Popular,1,20.58469489592244,19.978,20.54761904761905,16.539,21.702083333333334,48.616,1.0
2019,6,Popular,1,20.980059523809523,0.732,21.96904761904762,0.876,19.181845238095235,44.163,1.0
2019,7,Popular,1,21.84583333333333,2.823,20.58469489592244,19.978,20.54761904761905,16.539,2.0
2019,8,Popular,2,20.707722055888226,105.743,20.980059523809523,0.732,21.96904761904762,0.876,1.0
2019,9,Popular,1,19.816071428571426,121.411,21.84583333333333,2.823,20.58469489592244,19.978,1.0
2019,12,Popular,1,19.45817805383023,68.6,21.135758839463932,25.105,20.707722055888226,105.743,3.0
2019,13,Popular,3,20.43244047619048,65.8,21.175892857142856,14.3,19.816071428571426,121.411,1.0
2019,16,Popular,1,20.26900662959795,30.4,19.54794426048565,81.5,19.45817805383023,68.6,2.0
2019,18,Popular,2,22.4164156626506,0.0,20.26900662959795,30.4,19.54794426048565,81.5,2.0
2019,20,Popular,2,20.026488095238093,73.3,22.4164156626506,0.0,20.26900662959795,30.4,2.0
2019,21,Popular,2,19.680952380952377,64.3,20.93189117929051,38.6,20.517857142857146,35.1,1.0
2019,22,Popular,1,19.456845238095237,62.1,20.026488095238093,73.3,22.4164156626506,0.0,1.0
2019,23,Popular,1,20.99731784279977,37.8,19.680952380952377,64.3,20.93189117929051,38.6,1.0
2019,24,Popular,1,21.176957831325304,18.4,19.456845238095237,62.1,20.026488095238093,73.3,2.0
2019,25,Popular,2,22.412554112554112,0.1,20.99731784279977,37.8,19.680952380952377,64.3,1.0
2019,29,Popular,1,21.879348445965213,10.1,20.96992621899059,38.1,22.412554112554112,0.1,2.0
2019,31,Popular,2,21.598642857142856,8.8,21.879348445965213,10.1,20.96992621899059,38.1,3.0
2019,32,Popular,3,22.56467770034843,0.0,20.987724550898204,21.4,20.98482142857143,29.8,1.0
2019,33,Popular,1,21.651785714285715,6.1,21.598642857142856,8.8,21.879348445965213,10.1,1.0
2019,34,Popular,1,22.284559452523524,1.874,22.56467770034843,0.0,20.987724550898204,21.4,2.0
2019,35,Popular,2,22.22268246187364,3.834,21.651785714285715,6.1,21.598642857142856,8.8,3.0
2019,36,Popular,3,22.34106060606061,51.072,22.284559452523524,1.874,22.56467770034843,0.0,3.0
2019,37,Popular,3,22.580755649717513,93.228,22.22268246187364,3.834,21.651785714285715,6.1,3.0
2019,39,Popular,3,20.242107716580605,84.449,22.580755649717513,93.228,22.22268246187364,3.834,2.0
2019,41,Popular,2,19.94417347123934,33.158,20.242107716580605,84.449,22.580755649717513,93.228,1.0
2019,42,Popular,1,19.741271645021644,77.337,19.811947533504423,64.07900000000001,19.6575,72.412,3.0
2019,44,Popular,3,20.33673054587689,99.606,19.741271645021644,77.337,19.811947533504423,64.07900000000001,3.0
2019,45,Popular,3,20.32371212121212,90.394,19.449855945521215,123.856,19.94417347123934,33.158,1.0
2019,47,Popular,1,19.34214826839827,179.652,20.32371212121212,90.394,19.449855945521215,123.856,2.0
2019,48,Popular,2,21.175400983746794,15.971,19.280833333333334,86.971,20.33673054587689,99.606,1.0
2019,49,Popular,1,20.334424603174604,19.691000000000003,19.34214826839827,179.652,20.32371212121212,90.394,1.0
2019,50,Popular,1,19.78839285714286,65.613,21.175400983746794,15.971,19.280833333333334,86.971,2.0
2019,51,Popular,2,21.011607142857144,19.577,20.334424603174604,19.691000000000003,19.34214826839827,179.652,1.0
2019,52,Popular,1,21.583768177929855,44.2,19.78839285714286,65.613,21.175400983746794,15.971,1.0
2020,2,Popular,1,20.4320533888402,0.0,21.583768177929855,44.2,19.78839285714286,65.613,1.0
2020,3,Popular,1,22.372500815394652,0.0,20.126536796536797,30.362,21.011607142857144,19.577,1.0
2020,5,Popular,1,20.95476907630522,30.737000000000002,22.372500815394652,0.0,20.126536796536797,30.362,1.0
2020,6,Popular,1,21.638881401617247,3.067,20.1506599378882,74.81,20.4320533888402,0.0,1.0
2020,8,Popular,1,22.024197722567287,66.928,21.638881401617247,3.067,20.1506599378882,74.81,1.0
2020,9,Popular,1,21.29524600504626,6.045,22.251461723930078,11.719000000000001,20.95476907630522,30.737000000000002,2.0
2020,10,Popular,2,22.29136904761905,2.717,22.024197722567287,66.928,21.638881401617247,3.067,1.0
2020,12,Popular,1,20.727558016877637,24.101999999999997,22.29136904761905,2.717,22.024197722567287,66.928,1.0
2020,14,Popular,1,22.622377622377623,17.193,20.727558016877637,24.101999999999997,22.29136904761905,2.717,2.0
2020,17,Popular,2,21.92035928143713,5.307,23.511805555555554,16.224,21.103600750645086,14.557,1.0
2020,19,Popular,1,24.81878787878788,3.148,21.92035928143713,5.307,23.511805555555554,16.224,1.0
2020,23,Popular,1,22.179166666666667,4.182,23.55875,15.329,24.81878787878788,3.148,1.0
2020,26,Popular,1,22.36050955414013,1.069,21.921818181818185,0.728,21.941666666666663,29.251,1.0
2020,38,Popular,1,21.171794871794877,0.778,21.273652694610774,4.556,21.538414634146346,0.427,2.0
2020,41,Popular,2,21.17910447761194,0.004,21.70719424460432,0.004,21.530379746835443,7.606,1.0
2020,45,Popular,1,21.37393939393939,2.657,21.12546583850932,0.924,21.17910447761194,0.004,1.0
2020,46,Popular,1,20.275694444444444,0.732,21.112676056338028,4.684,21.753846153846155,6.502,1.0
2020,50,Popular,1,21.87702702702703,0.104,21.475757575757576,0.175,20.275694444444444,0.732,1.0
2021,4,Popular,1,22.497350993377484,0.004,22.226595744680854,9.776,21.34331210191083,1.006,1.0
2021,5,Popular,1,23.397959183673468,1.098,22.061486486486487,3.492,20.79824561403509,4.157,2.0
2021,14,Popular,2,21.49051724137931,13.827,20.632608695652173,53.73,20.119266055045877,22.298,1.0
2021,16,Popular,1,27.0,0.0,21.49051724137931,13.827,20.632608695652173,53.73,1.0
2021,20,Popular,1,22.01077844311377,11.27,18.33333333333333,0.321,27.0,0.0,2.0
2021,33,Popular,2,20.85462962962963,26.892,22.59820359281437,14.463,22.704790419161675,13.932,1.0
2021,34,Popular,1,21.30328947368421,29.291,21.43956834532374,48.203,22.093333333333334,29.423,1.0
2021,38,Popular,1,21.57202797202797,41.942,20.991071428571427,28.044,21.30328947368421,29.291,1.0
2021,39,Popular,1,21.13869047619048,29.588,22.90974025974026,30.613,21.0,78.581,1.0
2021,40,Popular,1,22.26095890410959,26.694,21.57202797202797,41.942,20.991071428571427,28.044,1.0
2021,46,Popular,1,21.20969696969697,32.828,21.271856287425152,6.029,21.2375,39.122,1.0
2021,49,Popular,1,21.98273809523809,1.032,20.374305555555555,52.711,20.645454545454545,71.947,
2017,1,Robledo,6,20.30386904761905,11.716000000000001,,,,,11.0
2017,2,Robledo,11,19.29287918871252,1.0390000000000001,,,,,10.0
2017,3,Robledo,10,19.181688311688312,30.721,20.30386904761905,11.716000000000001,,,4.0
2017,4,Robledo,4,20.63125,,19.29287918871252,1.0390000000000001,,,2.0
2017,5,Robledo,2,21.180059523809526,1.5950000000000002,19.181688311688312,30.721,20.30386904761905,11.716000000000001,5.0
2017,6,Robledo,5,21.408035714285717,1.8929999999999998,20.63125,,19.29287918871252,1.0390000000000001,1.0
2017,7,Robledo,1,20.375515041345878,10.851,21.180059523809526,1.5950000000000002,19.181688311688312,30.721,4.0
2017,8,Robledo,4,19.97134776095869,120.549,21.408035714285717,1.8929999999999998,20.63125,,3.0
2017,9,Robledo,3,20.148988095238096,38.852000000000004,20.375515041345878,10.851,21.180059523809526,1.5950000000000002,6.0
2017,10,Robledo,6,19.051488095238096,106.376,19.97134776095869,120.549,21.408035714285717,1.8929999999999998,2.0
2017,12,Robledo,2,19.27172619047619,105.09800000000001,19.051488095238096,106.376,19.97134776095869,120.549,2.0
2017,13,Robledo,2,20.10198578746122,172.739,19.25224358974359,94.74199999999999,20.148988095238096,38.852000000000004,2.0
2017,15,Robledo,2,20.376488095238095,28.35,20.10198578746122,172.739,19.25224358974359,94.74199999999999,6.0
2017,16,Robledo,6,20.133928571428577,33.571,21.110778443113773,44.946,19.27172619047619,105.09800000000001,4.0
2017,17,Robledo,4,20.7125,120.792,20.376488095238095,28.35,20.10198578746122,172.739,2.0
2017,18,Robledo,2,19.254166666666666,115.362,20.133928571428577,33.571,21.110778443113773,44.946,3.0
2017,19,Robledo,3,19.364150270886796,98.997,20.7125,120.792,20.376488095238095,28.35,3.0
2017,20,Robledo,3,20.583057100085547,147.251,19.254166666666666,115.362,20.133928571428577,33.571,3.0
2017,21,Robledo,3,21.50029761904762,5.035,19.364150270886796,98.997,20.7125,120.792,3.0
2017,22,Robledo,3,22.031569004847448,18.01,20.583057100085547,147.251,19.254166666666666,115.362,1.0
2017,23,Robledo,1,20.687693452380955,103.055,21.50029761904762,5.035,19.364150270886796,98.997,3.0
2017,24,Robledo,3,19.27596770744226,73.822,22.031569004847448,18.01,20.583057100085547,147.251,2.0
2017,25,Robledo,2,20.299999999999997,58.189,20.687693452380955,103.055,21.50029761904762,5.035,1.0
2017,26,Robledo,1,20.762824675324673,106.402,19.27596770744226,73.822,22.031569004847448,18.01,4.0
2017,27,Robledo,4,22.02601351351351,6.064,20.299999999999997,58.189,20.687693452380955,103.055,5.0
2017,28,Robledo,5,19.86391694725028,18.069,20.762824675324673,106.402,19.27596770744226,73.822,4.0
2017,29,Robledo,4,21.29785973229225,23.009,22.02601351351351,6.064,20.299999999999997,58.189,1.0
2017,30,Robledo,1,22.080308219178086,0.325,19.86391694725028,18.069,20.762824675324673,106.402,1.0
2017,31,Robledo,1,20.839872798434442,27.232,21.29785973229225,23.009,22.02601351351351,6.064,3.0
2017,32,Robledo,3,21.427187461811073,62.252,22.080308219178086,0.325,19.86391694725028,18.069,2.0
2017,33,Robledo,2,20.811791944062186,80.828,20.839872798434442,27.232,21.29785973229225,23.009,4.0
2017,34,Robledo,4,20.984730538922154,27.445999999999998,21.427187461811073,62.252,22.080308219178086,0.325,2.0
2017,35,Robledo,2,20.95571535500428,45.766999999999996,20.811791944062186,80.828,20.839872798434442,27.232,3.0
2017,37,Robledo,3,20.543082368082366,108.944,20.95571535500428,45.766999999999996,20.811791944062186,80.828,1.0
2017,38,Robledo,1,20.53001290877797,83.201,20.048809523809524,138.48200000000003,20.984730538922154,27.445999999999998,4.0
2017,39,Robledo,4,19.83614982578397,60.737,20.543082368082366,108.944,20.95571535500428,45.766999999999996,3.0
2017,40,Robledo,3,19.5602991355778,95.911,20.53001290877797,83.201,20.048809523809524,138.48200000000003,1.0
2017,41,Robledo,1,20.355227726365452,22.633000000000003,19.83614982578397,60.737,20.543082368082366,108.944,3.0
2017,42,Robledo,3,21.79917857142857,36.388,19.5602991355778,95.911,20.53001290877797,83.201,1.0
2017,43,Robledo,1,18.59555860805861,42.842,20.355227726365452,22.633000000000003,19.83614982578397,60.737,1.0
2017,44,Robledo,1,19.52467532467532,51.763999999999996,21.79917857142857,36.388,19.5602991355778,95.911,3.0
2017,46,Robledo,3,19.21347147349506,104.48599999999999,19.52467532467532,51.763999999999996,21.79917857142857,36.388,1.0
2017,48,Robledo,1,20.248511904761905,31.853,19.21347147349506,104.48599999999999,19.52467532467532,51.763999999999996,1.0
2017,49,Robledo,1,20.544477911646588,117.631,20.031569004847448,50.376999999999995,19.95096585804133,8.887,2.0
2017,51,Robledo,2,20.676129261363638,0.0,20.544477911646588,117.631,20.031569004847448,50.376999999999995,3.0
2017,52,Robledo,3,19.089713796477493,45.818,20.267112204163105,19.587,20.248511904761905,31.853,1.0
2018,1,Robledo,1,19.193154761904765,102.94200000000001,20.676129261363638,0.0,20.544477911646588,117.631,2.0
2018,2,Robledo,2,19.02767857142857,119.844,19.089713796477493,45.818,20.267112204163105,19.587,2.0
2018,4,Robledo,2,20.57010535890245,3.5540000000000003,19.02767857142857,119.844,19.089713796477493,45.818,1.0
2018,5,Robledo,1,20.89712552742616,55.019,19.335714285714282,39.298,19.193154761904765,102.94200000000001,2.0
2018,6,Robledo,2,20.715027239709435,0.202,20.57010535890245,3.5540000000000003,19.02767857142857,119.844,2.0
2018,8,Robledo,2,20.60892857142857,22.154,20.715027239709435,0.202,20.57010535890245,3.5540000000000003,2.0
2018,9,Robledo,2,21.317857142857143,7.182,21.39940476190476,58.16,20.89712552742616,55.019,1.0
2018,10,Robledo,1,21.815285714285714,8.573,20.60892857142857,22.154,20.715027239709435,0.202,2.0
2018,12,Robledo,2,19.967559523809523,124.558,21.815285714285714,8.573,20.60892857142857,22.154,2.0
2018,13,Robledo,2,19.54548581408611,157.524,21.319489614901325,12.459,21.317857142857143,7.182,2.0
2018,15,Robledo,2,19.22521742229826,140.014,19.54548581408611,157.524,21.319489614901325,12.459,3.0
2018,16,Robledo,3,20.69217992586256,33.08,19.19099479612204,76.149,19.967559523809523,124.558,1.0
2018,17,Robledo,1,19.98843321226796,110.944,19.22521742229826,140.014,19.54548581408611,157.524,1.0
2018,18,Robledo,1,19.686904761904763,97.144,20.69217992586256,33.08,19.19099479612204,76.149,1.0
2018,19,Robledo,1,18.926375075346595,235.89100000000002,19.98843321226796,110.944,19.22521742229826,140.014,2.0
2018,21,Robledo,2,20.285416666666663,90.48,18.926375075346595,235.89100000000002,19.98843321226796,110.944,3.0
2018,22,Robledo,3,20.247916666666665,124.488,19.373109138865125,174.89100000000002,19.686904761904763,97.144,6.0
2018,23,Robledo,6,21.702083333333334,1.981,20.285416666666663,90.48,18.926375075346595,235.89100000000002,1.0
2018,24,Robledo,1,21.077564513829483,40.980999999999995,20.247916666666665,124.488,19.373109138865125,174.89100000000002,2.0
2018,25,Robledo,2,20.782665343915344,65.938,21.702083333333334,1.981,20.285416666666663,90.48,1.0
2018,26,Robledo,1,19.641964285714288,35.028999999999996,21.077564513829483,40.980999999999995,20.247916666666665,124.488,3.0
2018,27,Robledo,3,20.83869047619048,45.870000000000005,20.782665343915344,65.938,21.702083333333334,1.981,5.0
2018,28,Robledo,5,21.99434523809524,2.033,19.641964285714288,35.028999999999996,21.077564513829483,40.980999999999995,2.0
2018,29,Robledo,2,21.19891906873614,18.116,20.83869047619048,45.870000000000005,20.782665343915344,65.938,2.0
2018,30,Robledo,2,18.92559523809524,28.7,21.99434523809524,2.033,19.641964285714288,35.028999999999996,3.0
2018,31,Robledo,3,18.89593253968254,34.6,21.19891906873614,18.116,20.83869047619048,45.870000000000005,2.0
2018,32,Robledo,2,21.707008448540705,0.033,18.92559523809524,28.7,21.99434523809524,2.033,5.0
2018,34,Robledo,5,21.933630952380952,9.211,21.707008448540705,0.033,18.92559523809524,28.7,2.0
2018,35,Robledo,2,21.44077380952381,28.060000000000002,21.16390977443609,38.207,18.89593253968254,34.6,2.0
2018,36,Robledo,2,19.647619047619045,167.208,21.933630952380952,9.211,21.707008448540705,0.033,1.0
2018,37,Robledo,1,19.54732142857143,101.31299999999999,21.44077380952381,28.060000000000002,21.16390977443609,38.207,3.0
2018,38,Robledo,3,21.439583333333335,43.509,19.647619047619045,167.208,21.933630952380952,9.211,4.0
2018,39,Robledo,4,20.383035714285715,132.032,19.54732142857143,101.31299999999999,21.44077380952381,28.060000000000002,4.0
2018,40,Robledo,4,19.59791666666667,244.417,21.439583333333335,43.509,19.647619047619045,167.208,1.0
2018,41,Robledo,1,19.407738095238095,81.641,20.383035714285715,132.032,19.54732142857143,101.31299999999999,2.0
2018,43,Robledo,2,20.06755952380952,44.153,19.407738095238095,81.641,20.383035714285715,132.032,3.0
2018,44,Robledo,3,19.163027680397313,121.576,19.423627744510977,107.757,19.59791666666667,244.417,1.0
2018,45,Robledo,1,19.776190476190475,36.817,20.06755952380952,44.153,19.407738095238095,81.641,2.0
2018,46,Robledo,2,20.524666737952664,43.536,19.163027680397313,121.576,19.423627744510977,107.757,6.0
2018,47,Robledo,6,20.163392857142856,228.88299999999998,19.776190476190475,36.817,20.06755952380952,44.153,2.0
2018,48,Robledo,2,19.56934523809524,38.900999999999996,20.524666737952664,43.536,19.163027680397313,121.576,1.0
2018,49,Robledo,1,19.92142857142857,11.767,20.163392857142856,228.88299999999998,19.776190476190475,36.817,2.0
2018,50,Robledo,2,20.68204604130809,6.422000000000001,19.56934523809524,38.900999999999996,20.524666737952664,43.536,1.0
2018,51,Robledo,1,20.358630952380953,5.2010000000000005,19.92142857142857,11.767,20.163392857142856,228.88299999999998,2.0
2019,2,Robledo,2,19.181845238095235,44.163,21.199107142857144,0.0,20.68204604130809,6.422000000000001,1.0
2019,4,Robledo,1,21.96904761904762,0.876,19.181845238095235,44.163,21.199107142857144,0.0,1.0
2019,5,Robledo,1,20.58469489592244,19.978,20.54761904761905,16.539,21.702083333333334,48.616,2.0
2019,6,Robledo,2,20.980059523809523,0.732,21.96904761904762,0.876,19.181845238095235,44.163,1.0
2019,7,Robledo,1,21.84583333333333,2.823,20.58469489592244,19.978,20.54761904761905,16.539,1.0
2019,9,Robledo,1,19.816071428571426,121.411,21.84583333333333,2.823,20.58469489592244,19.978,2.0
2019,10,Robledo,2,21.135758839463932,25.105,20.707722055888226,105.743,20.980059523809523,0.732,1.0
2019,15,Robledo,1,20.6625,45.8,20.43244047619048,65.8,21.175892857142856,14.3,1.0
2019,16,Robledo,1,20.26900662959795,30.4,19.54794426048565,81.5,19.45817805383023,68.6,2.0
2019,17,Robledo,2,20.517857142857146,35.1,20.6625,45.8,20.43244047619048,65.8,2.0
2019,19,Robledo,2,20.93189117929051,38.6,20.517857142857146,35.1,20.6625,45.8,2.0
2019,20,Robledo,2,20.026488095238093,73.3,22.4164156626506,0.0,20.26900662959795,30.4,3.0
2019,22,Robledo,3,19.456845238095237,62.1,20.026488095238093,73.3,22.4164156626506,0.0,1.0
2019,23,Robledo,1,20.99731784279977,37.8,19.680952380952377,64.3,20.93189117929051,38.6,1.0
2019,24,Robledo,1,21.176957831325304,18.4,19.456845238095237,62.1,20.026488095238093,73.3,3.0
2019,25,Robledo,3,22.412554112554112,0.1,20.99731784279977,37.8,19.680952380952377,64.3,1.0
2019,26,Robledo,1,21.656854148845166,3.2,21.176957831325304,18.4,19.456845238095237,62.1,5.0
2019,27,Robledo,5,20.96992621899059,38.1,22.412554112554112,0.1,20.99731784279977,37.8,1.0
2019,28,Robledo,1,20.98482142857143,29.8,21.656854148845166,3.2,21.176957831325304,18.4,7.0
2019,29,Robledo,7,21.879348445965213,10.1,20.96992621899059,38.1,22.412554112554112,0.1,1.0
2019,31,Robledo,1,21.598642857142856,8.8,21.879348445965213,10.1,20.96992621899059,38.1,1.0
2019,32,Robledo,1,22.56467770034843,0.0,20.987724550898204,21.4,20.98482142857143,29.8,4.0
2019,33,Robledo,4,21.651785714285715,6.1,21.598642857142856,8.8,21.879348445965213,10.1,1.0
2019,34,Robledo,1,22.284559452523524,1.874,22.56467770034843,0.0,20.987724550898204,21.4,3.0
2019,35,Robledo,3,22.22268246187364,3.834,21.651785714285715,6.1,21.598642857142856,8.8,1.0
2019,37,Robledo,1,22.580755649717513,93.228,22.22268246187364,3.834,21.651785714285715,6.1,4.0
2019,38,Robledo,4,19.6575,72.412,22.34106060606061,51.072,22.284559452523524,1.874,1.0
2019,39,Robledo,1,20.242107716580605,84.449,22.580755649717513,93.228,22.22268246187364,3.834,2.0
2019,40,Robledo,2,19.811947533504423,64.07900000000001,19.6575,72.412,22.34106060606061,51.072,2.0
2019,42,Robledo,2,19.741271645021644,77.337,19.811947533504423,64.07900000000001,19.6575,72.412,1.0
2019,45,Robledo,1,20.32371212121212,90.394,19.449855945521215,123.856,19.94417347123934,33.158,1.0
2019,48,Robledo,1,21.175400983746794,15.971,19.280833333333334,86.971,20.33673054587689,99.606,2.0
2019,49,Robledo,2,20.334424603174604,19.691000000000003,19.34214826839827,179.652,20.32371212121212,90.394,2.0
2019,50,Robledo,2,19.78839285714286,65.613,21.175400983746794,15.971,19.280833333333334,86.971,3.0
2020,2,Robledo,3,20.4320533888402,0.0,21.583768177929855,44.2,19.78839285714286,65.613,8.0
2020,3,Robledo,8,22.372500815394652,0.0,20.126536796536797,30.362,21.011607142857144,19.577,2.0
2020,5,Robledo,2,20.95476907630522,30.737000000000002,22.372500815394652,0.0,20.126536796536797,30.362,2.0
2020,6,Robledo,2,21.638881401617247,3.067,20.1506599378882,74.81,20.4320533888402,0.0,1.0
2020,8,Robledo,1,22.024197722567287,66.928,21.638881401617247,3.067,20.1506599378882,74.81,1.0
2020,10,Robledo,1,22.29136904761905,2.717,22.024197722567287,66.928,21.638881401617247,3.067,3.0
2020,11,Robledo,3,20.87708333333333,58.356,21.29524600504626,6.045,22.251461723930078,11.719000000000001,1.0
2020,13,Robledo,1,21.103600750645086,14.557,20.87708333333333,58.356,21.29524600504626,6.045,1.0
2020,15,Robledo,1,23.511805555555554,16.224,21.103600750645086,14.557,20.87708333333333,58.356,1.0
2020,17,Robledo,1,21.92035928143713,5.307,23.511805555555554,16.224,21.103600750645086,14.557,2.0
2020,18,Robledo,2,23.235928143712574,1.909,21.433532934131737,28.7,22.622377622377623,17.193,1.0
2020,19,Robledo,1,24.81878787878788,3.148,21.92035928143713,5.307,23.511805555555554,16.224,5.0
2020,20,Robledo,5,23.538607594936707,3.535,23.235928143712574,1.909,21.433532934131737,28.7,1.0
2020,21,Robledo,1,23.55875,15.329,24.81878787878788,3.148,21.92035928143713,5.307,1.0
2020,22,Robledo,1,21.941666666666663,29.251,23.538607594936707,3.535,23.235928143712574,1.909,1.0
2020,27,Robledo,1,21.517532467532465,1.376,21.43109756097561,2.254,22.179166666666667,4.182,1.0
2020,28,Robledo,1,21.12606060606061,2.173,22.36050955414013,1.069,21.921818181818185,0.728,1.0
2020,34,Robledo,1,21.538414634146346,0.427,23.7144578313253,0.441,21.11377245508982,2.478,1.0
2020,42,Robledo,1,21.753846153846155,6.502,20.83405797101449,1.507,21.171794871794877,0.778,1.0
2020,44,Robledo,1,21.112676056338028,4.684,21.753846153846155,6.502,20.83405797101449,1.507,1.0
2020,46,Robledo,1,20.275694444444444,0.732,21.112676056338028,4.684,21.753846153846155,6.502,2.0
2020,47,Robledo,2,20.81556886227545,0.676,21.37393939393939,2.657,21.12546583850932,0.924,2.0
2020,49,Robledo,2,21.50718562874252,0.168,20.81556886227545,0.676,21.37393939393939,2.657,1.0
2021,1,Robledo,1,20.79824561403509,4.157,21.16216216216216,41.654,21.87702702702703,0.104,1.0
2021,2,Robledo,1,22.226595744680854,9.776,21.34331210191083,1.006,21.86625,6.224,1.0
2021,6,Robledo,1,21.885802469135804,2.532,22.497350993377484,0.004,22.226595744680854,9.776,1.0
2021,13,Robledo,1,21.968852459016396,14.651,19.77338129496403,121.614,21.064462809917355,51.03,1.0
2021,17,Robledo,1,,0.0,22.4336,9.414,21.968852459016396,14.651,1.0
2021,25,Robledo,1,20.59583333333333,35.75,20.729936305732483,63.645,21.37559523809524,40.812,2.0
2021,27,Robledo,2,22.5874251497006,20.381,20.59583333333333,35.75,20.729936305732483,63.645,1.0
2021,31,Robledo,1,22.59820359281437,14.463,22.704790419161675,13.932,22.5874251497006,20.381,1.0
2021,33,Robledo,1,20.85462962962963,26.892,22.59820359281437,14.463,22.704790419161675,13.932,1.0
2021,35,Robledo,1,21.0,78.581,20.85462962962963,26.892,22.59820359281437,14.463,1.0
2021,40,Robledo,1,22.26095890410959,26.694,21.57202797202797,41.942,20.991071428571427,28.044,1.0
2021,44,Robledo,1,21.271856287425152,6.029,21.2375,39.122,22.26095890410959,26.694,1.0
2021,48,Robledo,1,21.5,38.38,21.20969696969697,32.828,21.271856287425152,6.029,1.0
2021,51,Robledo,1,21.88132530120482,19.529,21.98273809523809,1.032,20.374305555555555,52.711,
2017,1,San Antonio De Prado,4,20.30386904761905,11.716000000000001,,,,,2.0
2017,2,San Antonio De Prado,2,19.29287918871252,1.0390000000000001,,,,,2.0
2017,3,San Antonio De Prado,2,19.181688311688312,30.721,20.30386904761905,11.716000000000001,,,1.0
2017,4,San Antonio De Prado,1,20.63125,,19.29287918871252,1.0390000000000001,,,1.0
2017,5,San Antonio De Prado,1,21.180059523809526,1.5950000000000002,19.181688311688312,30.721,20.30386904761905,11.716000000000001,2.0
2017,6,San Antonio De Prado,2,21.408035714285717,1.8929999999999998,20.63125,,19.29287918871252,1.0390000000000001,3.0
2017,8,San Antonio De Prado,3,19.97134776095869,120.549,21.408035714285717,1.8929999999999998,20.63125,,3.0
2017,9,San Antonio De Prado,3,20.148988095238096,38.852000000000004,20.375515041345878,10.851,21.180059523809526,1.5950000000000002,2.0
2017,10,San Antonio De Prado,2,19.051488095238096,106.376,19.97134776095869,120.549,21.408035714285717,1.8929999999999998,4.0
2017,11,San Antonio De Prado,4,19.25224358974359,94.74199999999999,20.148988095238096,38.852000000000004,20.375515041345878,10.851,1.0
2017,12,San Antonio De Prado,1,19.27172619047619,105.09800000000001,19.051488095238096,106.376,19.97134776095869,120.549,2.0
2017,14,San Antonio De Prado,2,21.110778443113773,44.946,19.27172619047619,105.09800000000001,19.051488095238096,106.376,2.0
2017,15,San Antonio De Prado,2,20.376488095238095,28.35,20.10198578746122,172.739,19.25224358974359,94.74199999999999,1.0
2017,16,San Antonio De Prado,1,20.133928571428577,33.571,21.110778443113773,44.946,19.27172619047619,105.09800000000001,1.0
2017,17,San Antonio De Prado,1,20.7125,120.792,20.376488095238095,28.35,20.10198578746122,172.739,1.0
2017,20,San Antonio De Prado,1,20.583057100085547,147.251,19.254166666666666,115.362,20.133928571428577,33.571,1.0
2017,23,San Antonio De Prado,1,20.687693452380955,103.055,21.50029761904762,5.035,19.364150270886796,98.997,1.0
2017,26,San Antonio De Prado,1,20.762824675324673,106.402,19.27596770744226,73.822,22.031569004847448,18.01,1.0
2017,27,San Antonio De Prado,1,22.02601351351351,6.064,20.299999999999997,58.189,20.687693452380955,103.055,1.0
2017,30,San Antonio De Prado,1,22.080308219178086,0.325,19.86391694725028,18.069,20.762824675324673,106.402,1.0
2017,31,San Antonio De Prado,1,20.839872798434442,27.232,21.29785973229225,23.009,22.02601351351351,6.064,2.0
2017,34,San Antonio De Prado,2,20.984730538922154,27.445999999999998,21.427187461811073,62.252,22.080308219178086,0.325,1.0
2017,35,San Antonio De Prado,1,20.95571535500428,45.766999999999996,20.811791944062186,80.828,20.839872798434442,27.232,4.0
2017,36,San Antonio De Prado,4,20.048809523809524,138.48200000000003,20.984730538922154,27.445999999999998,21.427187461811073,62.252,1.0
2017,38,San Antonio De Prado,1,20.53001290877797,83.201,20.048809523809524,138.48200000000003,20.984730538922154,27.445999999999998,1.0
2017,39,San Antonio De Prado,1,19.83614982578397,60.737,20.543082368082366,108.944,20.95571535500428,45.766999999999996,1.0
2017,40,San Antonio De Prado,1,19.5602991355778,95.911,20.53001290877797,83.201,20.048809523809524,138.48200000000003,1.0
2017,41,San Antonio De Prado,1,20.355227726365452,22.633000000000003,19.83614982578397,60.737,20.543082368082366,108.944,1.0
2017,43,San Antonio De Prado,1,18.59555860805861,42.842,20.355227726365452,22.633000000000003,19.83614982578397,60.737,3.0
2017,44,San Antonio De Prado,3,19.52467532467532,51.763999999999996,21.79917857142857,36.388,19.5602991355778,95.911,1.0
2017,49,San Antonio De Prado,1,20.544477911646588,117.631,20.031569004847448,50.376999999999995,19.95096585804133,8.887,1.0
2018,3,San Antonio De Prado,1,19.335714285714282,39.298,19.193154761904765,102.94200000000001,20.676129261363638,0.0,1.0
2018,5,San Antonio De Prado,1,20.89712552742616,55.019,19.335714285714282,39.298,19.193154761904765,102.94200000000001,1.0
2018,9,San Antonio De Prado,1,21.317857142857143,7.182,21.39940476190476,58.16,20.89712552742616,55.019,1.0
2018,12,San Antonio De Prado,1,19.967559523809523,124.558,21.815285714285714,8.573,20.60892857142857,22.154,1.0
2018,16,San Antonio De Prado,1,20.69217992586256,33.08,19.19099479612204,76.149,19.967559523809523,124.558,1.0
2018,19,San Antonio De Prado,1,18.926375075346595,235.89100000000002,19.98843321226796,110.944,19.22521742229826,140.014,1.0
2018,20,San Antonio De Prado,1,19.373109138865125,174.89100000000002,19.686904761904763,97.144,20.69217992586256,33.08,1.0
2018,21,San Antonio De Prado,1,20.285416666666663,90.48,18.926375075346595,235.89100000000002,19.98843321226796,110.944,2.0
2018,24,San Antonio De Prado,2,21.077564513829483,40.980999999999995,20.247916666666665,124.488,19.373109138865125,174.89100000000002,1.0
2018,27,San Antonio De Prado,1,20.83869047619048,45.870000000000005,20.782665343915344,65.938,21.702083333333334,1.981,1.0
2018,29,San Antonio De Prado,1,21.19891906873614,18.116,20.83869047619048,45.870000000000005,20.782665343915344,65.938,1.0
2018,35,San Antonio De Prado,1,21.44077380952381,28.060000000000002,21.16390977443609,38.207,18.89593253968254,34.6,2.0
2018,38,San Antonio De Prado,2,21.439583333333335,43.509,19.647619047619045,167.208,21.933630952380952,9.211,2.0
2018,39,San Antonio De Prado,2,20.383035714285715,132.032,19.54732142857143,101.31299999999999,21.44077380952381,28.060000000000002,1.0
2018,41,San Antonio De Prado,1,19.407738095238095,81.641,20.383035714285715,132.032,19.54732142857143,101.31299999999999,1.0
2018,42,San Antonio De Prado,1,19.423627744510977,107.757,19.59791666666667,244.417,21.439583333333335,43.509,2.0
2018,43,San Antonio De Prado,2,20.06755952380952,44.153,19.407738095238095,81.641,20.383035714285715,132.032,1.0
2019,1,San Antonio De Prado,1,21.702083333333334,48.616,20.358630952380953,5.2010000000000005,19.92142857142857,11.767,1.0
2019,2,San Antonio De Prado,1,19.181845238095235,44.163,21.199107142857144,0.0,20.68204604130809,6.422000000000001,1.0
2019,9,San Antonio De Prado,1,19.816071428571426,121.411,21.84583333333333,2.823,20.58469489592244,19.978,1.0
2019,11,San Antonio De Prado,1,21.175892857142856,14.3,19.816071428571426,121.411,21.84583333333333,2.823,1.0
2019,13,San Antonio De Prado,1,20.43244047619048,65.8,21.175892857142856,14.3,19.816071428571426,121.411,1.0
2019,15,San Antonio De Prado,1,20.6625,45.8,20.43244047619048,65.8,21.175892857142856,14.3,2.0
2019,16,San Antonio De Prado,2,20.26900662959795,30.4,19.54794426048565,81.5,19.45817805383023,68.6,2.0
2019,17,San Antonio De Prado,2,20.517857142857146,35.1,20.6625,45.8,20.43244047619048,65.8,2.0
2019,19,San Antonio De Prado,2,20.93189117929051,38.6,20.517857142857146,35.1,20.6625,45.8,3.0
2019,20,San Antonio De Prado,3,20.026488095238093,73.3,22.4164156626506,0.0,20.26900662959795,30.4,1.0
2019,21,San Antonio De Prado,1,19.680952380952377,64.3,20.93189117929051,38.6,20.517857142857146,35.1,3.0
2019,22,San Antonio De Prado,3,19.456845238095237,62.1,20.026488095238093,73.3,22.4164156626506,0.0,2.0
2019,23,San Antonio De Prado,2,20.99731784279977,37.8,19.680952380952377,64.3,20.93189117929051,38.6,1.0
2019,25,San Antonio De Prado,1,22.412554112554112,0.1,20.99731784279977,37.8,19.680952380952377,64.3,1.0
2019,30,San Antonio De Prado,1,20.987724550898204,21.4,20.98482142857143,29.8,21.656854148845166,3.2,1.0
2019,32,San Antonio De Prado,1,22.56467770034843,0.0,20.987724550898204,21.4,20.98482142857143,29.8,3.0
2019,35,San Antonio De Prado,3,22.22268246187364,3.834,21.651785714285715,6.1,21.598642857142856,8.8,1.0
2019,38,San Antonio De Prado,1,19.6575,72.412,22.34106060606061,51.072,22.284559452523524,1.874,2.0
2019,39,San Antonio De Prado,2,20.242107716580605,84.449,22.580755649717513,93.228,22.22268246187364,3.834,1.0
2019,40,San Antonio De Prado,1,19.811947533504423,64.07900000000001,19.6575,72.412,22.34106060606061,51.072,1.0
2019,41,San Antonio De Prado,1,19.94417347123934,33.158,20.242107716580605,84.449,22.580755649717513,93.228,1.0
2019,45,San Antonio De Prado,1,20.32371212121212,90.394,19.449855945521215,123.856,19.94417347123934,33.158,1.0
2019,47,San Antonio De Prado,1,19.34214826839827,179.652,20.32371212121212,90.394,19.449855945521215,123.856,3.0
2019,50,San Antonio De Prado,3,19.78839285714286,65.613,21.175400983746794,15.971,19.280833333333334,86.971,1.0
2019,52,San Antonio De Prado,1,21.583768177929855,44.2,19.78839285714286,65.613,21.175400983746794,15.971,1.0
2020,1,San Antonio De Prado,1,20.126536796536797,30.362,21.011607142857144,19.577,20.334424603174604,19.691000000000003,1.0
2020,3,San Antonio De Prado,1,22.372500815394652,0.0,20.126536796536797,30.362,21.011607142857144,19.577,2.0
2020,5,San Antonio De Prado,2,20.95476907630522,30.737000000000002,22.372500815394652,0.0,20.126536796536797,30.362,2.0
2020,8,San Antonio De Prado,2,22.024197722567287,66.928,21.638881401617247,3.067,20.1506599378882,74.81,2.0
2020,9,San Antonio De Prado,2,21.29524600504626,6.045,22.251461723930078,11.719000000000001,20.95476907630522,30.737000000000002,1.0
2020,20,San Antonio De Prado,1,23.538607594936707,3.535,23.235928143712574,1.909,21.433532934131737,28.7,1.0
2020,31,San Antonio De Prado,1,22.63154761904762,4.338,22.683832335329345,1.334,21.517532467532465,1.376,1.0
2021,10,San Antonio De Prado,1,20.119266055045877,22.298,22.01095890410959,13.375,21.885802469135804,2.532,1.0
2021,17,San Antonio De Prado,1,,0.0,22.4336,9.414,21.968852459016396,14.651,1.0
2021,34,San Antonio De Prado,1,21.30328947368421,29.291,21.43956834532374,48.203,22.093333333333334,29.423,
2017,1,San Javier,5,20.30386904761905,11.716000000000001,,,,,6.0
2017,2,San Javier,6,19.29287918871252,1.0390000000000001,,,,,1.0
2017,3,San Javier,1,19.181688311688312,30.721,20.30386904761905,11.716000000000001,,,5.0
2017,4,San Javier,5,20.63125,,19.29287918871252,1.0390000000000001,,,5.0
2017,5,San Javier,5,21.180059523809526,1.5950000000000002,19.181688311688312,30.721,20.30386904761905,11.716000000000001,2.0
2017,6,San Javier,2,21.408035714285717,1.8929999999999998,20.63125,,19.29287918871252,1.0390000000000001,4.0
2017,7,San Javier,4,20.375515041345878,10.851,21.180059523809526,1.5950000000000002,19.181688311688312,30.721,4.0
2017,8,San Javier,4,19.97134776095869,120.549,21.408035714285717,1.8929999999999998,20.63125,,2.0
2017,9,San Javier,2,20.148988095238096,38.852000000000004,20.375515041345878,10.851,21.180059523809526,1.5950000000000002,5.0
2017,10,San Javier,5,19.051488095238096,106.376,19.97134776095869,120.549,21.408035714285717,1.8929999999999998,4.0
2017,11,San Javier,4,19.25224358974359,94.74199999999999,20.148988095238096,38.852000000000004,20.375515041345878,10.851,4.0
2017,12,San Javier,4,19.27172619047619,105.09800000000001,19.051488095238096,106.376,19.97134776095869,120.549,1.0
2017,13,San Javier,1,20.10198578746122,172.739,19.25224358974359,94.74199999999999,20.148988095238096,38.852000000000004,3.0
2017,14,San Javier,3,21.110778443113773,44.946,19.27172619047619,105.09800000000001,19.051488095238096,106.376,6.0
2017,15,San Javier,6,20.376488095238095,28.35,20.10198578746122,172.739,19.25224358974359,94.74199999999999,4.0
2017,16,San Javier,4,20.133928571428577,33.571,21.110778443113773,44.946,19.27172619047619,105.09800000000001,2.0
2017,17,San Javier,2,20.7125,120.792,20.376488095238095,28.35,20.10198578746122,172.739,3.0
2017,18,San Javier,3,19.254166666666666,115.362,20.133928571428577,33.571,21.110778443113773,44.946,6.0
2017,19,San Javier,6,19.364150270886796,98.997,20.7125,120.792,20.376488095238095,28.35,6.0
2017,20,San Javier,6,20.583057100085547,147.251,19.254166666666666,115.362,20.133928571428577,33.571,6.0
2017,22,San Javier,6,22.031569004847448,18.01,20.583057100085547,147.251,19.254166666666666,115.362,1.0
2017,24,San Javier,1,19.27596770744226,73.822,22.031569004847448,18.01,20.583057100085547,147.251,1.0
2017,25,San Javier,1,20.299999999999997,58.189,20.687693452380955,103.055,21.50029761904762,5.035,2.0
2017,26,San Javier,2,20.762824675324673,106.402,19.27596770744226,73.822,22.031569004847448,18.01,4.0
2017,27,San Javier,4,22.02601351351351,6.064,20.299999999999997,58.189,20.687693452380955,103.055,1.0
2017,28,San Javier,1,19.86391694725028,18.069,20.762824675324673,106.402,19.27596770744226,73.822,1.0
2017,29,San Javier,1,21.29785973229225,23.009,22.02601351351351,6.064,20.299999999999997,58.189,2.0
2017,30,San Javier,2,22.080308219178086,0.325,19.86391694725028,18.069,20.762824675324673,106.402,3.0
2017,31,San Javier,3,20.839872798434442,27.232,21.29785973229225,23.009,22.02601351351351,6.064,1.0
2017,32,San Javier,1,21.427187461811073,62.252,22.080308219178086,0.325,19.86391694725028,18.069,1.0
2017,33,San Javier,1,20.811791944062186,80.828,20.839872798434442,27.232,21.29785973229225,23.009,1.0
2017,34,San Javier,1,20.984730538922154,27.445999999999998,21.427187461811073,62.252,22.080308219178086,0.325,1.0
2017,35,San Javier,1,20.95571535500428,45.766999999999996,20.811791944062186,80.828,20.839872798434442,27.232,1.0
2017,36,San Javier,1,20.048809523809524,138.48200000000003,20.984730538922154,27.445999999999998,21.427187461811073,62.252,1.0
2017,37,San Javier,1,20.543082368082366,108.944,20.95571535500428,45.766999999999996,20.811791944062186,80.828,1.0
2017,38,San Javier,1,20.53001290877797,83.201,20.048809523809524,138.48200000000003,20.984730538922154,27.445999999999998,2.0
2017,39,San Javier,2,19.83614982578397,60.737,20.543082368082366,108.944,20.95571535500428,45.766999999999996,1.0
2017,40,San Javier,1,19.5602991355778,95.911,20.53001290877797,83.201,20.048809523809524,138.48200000000003,1.0
2017,41,San Javier,1,20.355227726365452,22.633000000000003,19.83614982578397,60.737,20.543082368082366,108.944,1.0
2017,44,San Javier,1,19.52467532467532,51.763999999999996,21.79917857142857,36.388,19.5602991355778,95.911,2.0
2017,45,San Javier,2,19.95096585804133,8.887,18.59555860805861,42.842,20.355227726365452,22.633000000000003,1.0
2017,46,San Javier,1,19.21347147349506,104.48599999999999,19.52467532467532,51.763999999999996,21.79917857142857,36.388,2.0
2017,48,San Javier,2,20.248511904761905,31.853,19.21347147349506,104.48599999999999,19.52467532467532,51.763999999999996,4.0
2017,49,San Javier,4,20.544477911646588,117.631,20.031569004847448,50.376999999999995,19.95096585804133,8.887,2.0
2017,51,San Javier,2,20.676129261363638,0.0,20.544477911646588,117.631,20.031569004847448,50.376999999999995,1.0
2017,52,San Javier,1,19.089713796477493,45.818,20.267112204163105,19.587,20.248511904761905,31.853,5.0
2018,2,San Javier,5,19.02767857142857,119.844,19.089713796477493,45.818,20.267112204163105,19.587,2.0
2018,3,San Javier,2,19.335714285714282,39.298,19.193154761904765,102.94200000000001,20.676129261363638,0.0,2.0
2018,4,San Javier,2,20.57010535890245,3.5540000000000003,19.02767857142857,119.844,19.089713796477493,45.818,4.0
2018,7,San Javier,4,21.39940476190476,58.16,20.89712552742616,55.019,19.335714285714282,39.298,2.0
2018,8,San Javier,2,20.60892857142857,22.154,20.715027239709435,0.202,20.57010535890245,3.5540000000000003,1.0
2018,9,San Javier,1,21.317857142857143,7.182,21.39940476190476,58.16,20.89712552742616,55.019,2.0
2018,10,San Javier,2,21.815285714285714,8.573,20.60892857142857,22.154,20.715027239709435,0.202,1.0
2018,11,San Javier,1,21.319489614901325,12.459,21.317857142857143,7.182,21.39940476190476,58.16,1.0
2018,12,San Javier,1,19.967559523809523,124.558,21.815285714285714,8.573,20.60892857142857,22.154,2.0
2018,13,San Javier,2,19.54548581408611,157.524,21.319489614901325,12.459,21.317857142857143,7.182,2.0
2018,16,San Javier,2,20.69217992586256,33.08,19.19099479612204,76.149,19.967559523809523,124.558,1.0
2018,17,San Javier,1,19.98843321226796,110.944,19.22521742229826,140.014,19.54548581408611,157.524,1.0
2018,19,San Javier,1,18.926375075346595,235.89100000000002,19.98843321226796,110.944,19.22521742229826,140.014,4.0
2018,20,San Javier,4,19.373109138865125,174.89100000000002,19.686904761904763,97.144,20.69217992586256,33.08,3.0
2018,22,San Javier,3,20.247916666666665,124.488,19.373109138865125,174.89100000000002,19.686904761904763,97.144,3.0
2018,23,San Javier,3,21.702083333333334,1.981,20.285416666666663,90.48,18.926375075346595,235.89100000000002,2.0
2018,24,San Javier,2,21.077564513829483,40.980999999999995,20.247916666666665,124.488,19.373109138865125,174.89100000000002,2.0
2018,25,San Javier,2,20.782665343915344,65.938,21.702083333333334,1.981,20.285416666666663,90.48,1.0
2018,26,San Javier,1,19.641964285714288,35.028999999999996,21.077564513829483,40.980999999999995,20.247916666666665,124.488,3.0
2018,30,San Javier,3,18.92559523809524,28.7,21.99434523809524,2.033,19.641964285714288,35.028999999999996,2.0
2018,32,San Javier,2,21.707008448540705,0.033,18.92559523809524,28.7,21.99434523809524,2.033,3.0
2018,33,San Javier,3,21.16390977443609,38.207,18.89593253968254,34.6,21.19891906873614,18.116,2.0
2018,34,San Javier,2,21.933630952380952,9.211,21.707008448540705,0.033,18.92559523809524,28.7,1.0
2018,35,San Javier,1,21.44077380952381,28.060000000000002,21.16390977443609,38.207,18.89593253968254,34.6,1.0
2018,36,San Javier,1,19.647619047619045,167.208,21.933630952380952,9.211,21.707008448540705,0.033,1.0
2018,37,San Javier,1,19.54732142857143,101.31299999999999,21.44077380952381,28.060000000000002,21.16390977443609,38.207,1.0
2018,39,San Javier,1,20.383035714285715,132.032,19.54732142857143,101.31299999999999,21.44077380952381,28.060000000000002,2.0
2018,42,San Javier,2,19.423627744510977,107.757,19.59791666666667,244.417,21.439583333333335,43.509,3.0
2018,43,San Javier,3,20.06755952380952,44.153,19.407738095238095,81.641,20.383035714285715,132.032,1.0
2018,45,San Javier,1,19.776190476190475,36.817,20.06755952380952,44.153,19.407738095238095,81.641,1.0
2018,47,San Javier,1,20.163392857142856,228.88299999999998,19.776190476190475,36.817,20.06755952380952,44.153,1.0
2018,48,San Javier,1,19.56934523809524,38.900999999999996,20.524666737952664,43.536,19.163027680397313,121.576,2.0
2018,52,San Javier,2,21.199107142857144,0.0,20.68204604130809,6.422000000000001,19.56934523809524,38.900999999999996,3.0
2019,1,San Javier,3,21.702083333333334,48.616,20.358630952380953,5.2010000000000005,19.92142857142857,11.767,1.0
2019,2,San Javier,1,19.181845238095235,44.163,21.199107142857144,0.0,20.68204604130809,6.422000000000001,3.0
2019,3,San Javier,3,20.54761904761905,16.539,21.702083333333334,48.616,20.358630952380953,5.2010000000000005,1.0
2019,4,San Javier,1,21.96904761904762,0.876,19.181845238095235,44.163,21.199107142857144,0.0,1.0
2019,6,San Javier,1,20.980059523809523,0.732,21.96904761904762,0.876,19.181845238095235,44.163,1.0
2019,11,San Javier,1,21.175892857142856,14.3,19.816071428571426,121.411,21.84583333333333,2.823,2.0
2019,13,San Javier,2,20.43244047619048,65.8,21.175892857142856,14.3,19.816071428571426,121.411,1.0
2019,14,San Javier,1,19.54794426048565,81.5,19.45817805383023,68.6,21.135758839463932,25.105,1.0
2019,17,San Javier,1,20.517857142857146,35.1,20.6625,45.8,20.43244047619048,65.8,1.0
2019,18,San Javier,1,22.4164156626506,0.0,20.26900662959795,30.4,19.54794426048565,81.5,1.0
2019,20,San Javier,1,20.026488095238093,73.3,22.4164156626506,0.0,20.26900662959795,30.4,1.0
2019,21,San Javier,1,19.680952380952377,64.3,20.93189117929051,38.6,20.517857142857146,35.1,1.0
2019,22,San Javier,1,19.456845238095237,62.1,20.026488095238093,73.3,22.4164156626506,0.0,1.0
2019,25,San Javier,1,22.412554112554112,0.1,20.99731784279977,37.8,19.680952380952377,64.3,1.0
2019,26,San Javier,1,21.656854148845166,3.2,21.176957831325304,18.4,19.456845238095237,62.1,3.0
2019,27,San Javier,3,20.96992621899059,38.1,22.412554112554112,0.1,20.99731784279977,37.8,1.0
2019,28,San Javier,1,20.98482142857143,29.8,21.656854148845166,3.2,21.176957831325304,18.4,2.0
2019,29,San Javier,2,21.879348445965213,10.1,20.96992621899059,38.1,22.412554112554112,0.1,2.0
2019,33,San Javier,2,21.651785714285715,6.1,21.598642857142856,8.8,21.879348445965213,10.1,3.0
2019,34,San Javier,3,22.284559452523524,1.874,22.56467770034843,0.0,20.987724550898204,21.4,1.0
2019,35,San Javier,1,22.22268246187364,3.834,21.651785714285715,6.1,21.598642857142856,8.8,1.0
2019,36,San Javier,1,22.34106060606061,51.072,22.284559452523524,1.874,22.56467770034843,0.0,2.0
2019,37,San Javier,2,22.580755649717513,93.228,22.22268246187364,3.834,21.651785714285715,6.1,3.0
2019,38,San Javier,3,19.6575,72.412,22.34106060606061,51.072,22.284559452523524,1.874,3.0
2019,39,San Javier,3,20.242107716580605,84.449,22.580755649717513,93.228,22.22268246187364,3.834,1.0
2019,40,San Javier,1,19.811947533504423,64.07900000000001,19.6575,72.412,22.34106060606061,51.072,3.0
2019,41,San Javier,3,19.94417347123934,33.158,20.242107716580605,84.449,22.580755649717513,93.228,3.0
2019,42,San Javier,3,19.741271645021644,77.337,19.811947533504423,64.07900000000001,19.6575,72.412,2.0
2019,43,San Javier,2,19.449855945521215,123.856,19.94417347123934,33.158,20.242107716580605,84.449,1.0
2019,48,San Javier,1,21.175400983746794,15.971,19.280833333333334,86.971,20.33673054587689,99.606,1.0
2019,50,San Javier,1,19.78839285714286,65.613,21.175400983746794,15.971,19.280833333333334,86.971,1.0
2019,52,San Javier,1,21.583768177929855,44.2,19.78839285714286,65.613,21.175400983746794,15.971,1.0
2020,2,San Javier,1,20.4320533888402,0.0,21.583768177929855,44.2,19.78839285714286,65.613,4.0
2020,3,San Javier,4,22.372500815394652,0.0,20.126536796536797,30.362,21.011607142857144,19.577,1.0
2020,5,San Javier,1,20.95476907630522,30.737000000000002,22.372500815394652,0.0,20.126536796536797,30.362,6.0
2020,6,San Javier,6,21.638881401617247,3.067,20.1506599378882,74.81,20.4320533888402,0.0,1.0
2020,7,San Javier,1,22.251461723930078,11.719000000000001,20.95476907630522,30.737000000000002,22.372500815394652,0.0,2.0
2020,8,San Javier,2,22.024197722567287,66.928,21.638881401617247,3.067,20.1506599378882,74.81,2.0
2020,9,San Javier,2,21.29524600504626,6.045,22.251461723930078,11.719000000000001,20.95476907630522,30.737000000000002,1.0
2020,11,San Javier,1,20.87708333333333,58.356,21.29524600504626,6.045,22.251461723930078,11.719000000000001,1.0
2020,13,San Javier,1,21.103600750645086,14.557,20.87708333333333,58.356,21.29524600504626,6.045,1.0
2020,14,San Javier,1,22.622377622377623,17.193,20.727558016877637,24.101999999999997,22.29136904761905,2.717,2.0
2020,15,San Javier,2,23.511805555555554,16.224,21.103600750645086,14.557,20.87708333333333,58.356,1.0
2020,17,San Javier,1,21.92035928143713,5.307,23.511805555555554,16.224,21.103600750645086,14.557,2.0
2020,18,San Javier,2,23.235928143712574,1.909,21.433532934131737,28.7,22.622377622377623,17.193,1.0
2020,20,San Javier,1,23.538607594936707,3.535,23.235928143712574,1.909,21.433532934131737,28.7,1.0
2020,21,San Javier,1,23.55875,15.329,24.81878787878788,3.148,21.92035928143713,5.307,1.0
2020,26,San Javier,1,22.36050955414013,1.069,21.921818181818185,0.728,21.941666666666663,29.251,1.0
2020,27,San Javier,1,21.517532467532465,1.376,21.43109756097561,2.254,22.179166666666667,4.182,1.0
2020,28,San Javier,1,21.12606060606061,2.173,22.36050955414013,1.069,21.921818181818185,0.728,1.0
2020,36,San Javier,1,21.273652694610774,4.556,21.538414634146346,0.427,23.7144578313253,0.441,1.0
2020,38,San Javier,1,21.171794871794877,0.778,21.273652694610774,4.556,21.538414634146346,0.427,1.0
2020,40,San Javier,1,20.83405797101449,1.507,21.171794871794877,0.778,21.273652694610774,4.556,1.0
2020,47,San Javier,1,20.81556886227545,0.676,21.37393939393939,2.657,21.12546583850932,0.924,1.0
2020,49,San Javier,1,21.50718562874252,0.168,20.81556886227545,0.676,21.37393939393939,2.657,1.0
2021,8,San Javier,1,22.01095890410959,13.375,21.885802469135804,2.532,22.497350993377484,0.004,1.0
2021,10,San Javier,1,20.119266055045877,22.298,22.01095890410959,13.375,21.885802469135804,2.532,1.0
2021,26,San Javier,1,22.07857142857143,20.0,21.65952380952381,53.314,21.811904761904763,44.339,1.0
2021,28,San Javier,1,22.665269461077845,57.513,22.07857142857143,20.0,21.65952380952381,53.314,1.0
2021,29,San Javier,1,22.704790419161675,13.932,22.5874251497006,20.381,20.59583333333333,35.75,1.0
2021,30,San Javier,1,22.093333333333334,29.423,22.665269461077845,57.513,22.07857142857143,20.0,1.0
2021,38,San Javier,1,21.57202797202797,41.942,20.991071428571427,28.044,21.30328947368421,29.291,1.0
2021,40,San Javier,1,22.26095890410959,26.694,21.57202797202797,41.942,20.991071428571427,28.044,1.0
2021,47,San Javier,1,20.374305555555555,52.711,20.645454545454545,71.947,20.47142857142857,70.393,2.0
2021,49,San Javier,2,21.98273809523809,1.032,20.374305555555555,52.711,20.645454545454545,71.947,1.0
2021,50,San Javier,1,21.12619047619048,16.234,21.5,38.38,21.20969696969697,32.828,
2017,37,San Sebastian De Palmitas,1,20.543082368082366,108.944,20.95571535500428,45.766999999999996,20.811791944062186,80.828,1.0
2019,32,San Sebastian De Palmitas,1,22.56467770034843,0.0,20.987724550898204,21.4,20.98482142857143,29.8,
2017,1,Santa Cruz,4,20.30386904761905,11.716000000000001,,,,,10.0
2017,2,Santa Cruz,10,19.29287918871252,1.0390000000000001,,,,,2.0
2017,3,Santa Cruz,2,19.181688311688312,30.721,20.30386904761905,11.716000000000001,,,3.0
2017,4,Santa Cruz,3,20.63125,,19.29287918871252,1.0390000000000001,,,6.0
2017,5,Santa Cruz,6,21.180059523809526,1.5950000000000002,19.181688311688312,30.721,20.30386904761905,11.716000000000001,1.0
2017,6,Santa Cruz,1,21.408035714285717,1.8929999999999998,20.63125,,19.29287918871252,1.0390000000000001,3.0
2017,7,Santa Cruz,3,20.375515041345878,10.851,21.180059523809526,1.5950000000000002,19.181688311688312,30.721,3.0
2017,8,Santa Cruz,3,19.97134776095869,120.549,21.408035714285717,1.8929999999999998,20.63125,,4.0
2017,9,Santa Cruz,4,20.148988095238096,38.852000000000004,20.375515041345878,10.851,21.180059523809526,1.5950000000000002,1.0
2017,10,Santa Cruz,1,19.051488095238096,106.376,19.97134776095869,120.549,21.408035714285717,1.8929999999999998,3.0
2017,11,Santa Cruz,3,19.25224358974359,94.74199999999999,20.148988095238096,38.852000000000004,20.375515041345878,10.851,4.0
2017,12,Santa Cruz,4,19.27172619047619,105.09800000000001,19.051488095238096,106.376,19.97134776095869,120.549,4.0
2017,13,Santa Cruz,4,20.10198578746122,172.739,19.25224358974359,94.74199999999999,20.148988095238096,38.852000000000004,1.0
2017,14,Santa Cruz,1,21.110778443113773,44.946,19.27172619047619,105.09800000000001,19.051488095238096,106.376,4.0
2017,16,Santa Cruz,4,20.133928571428577,33.571,21.110778443113773,44.946,19.27172619047619,105.09800000000001,2.0
2017,17,Santa Cruz,2,20.7125,120.792,20.376488095238095,28.35,20.10198578746122,172.739,3.0
2017,20,Santa Cruz,3,20.583057100085547,147.251,19.254166666666666,115.362,20.133928571428577,33.571,2.0
2017,21,Santa Cruz,2,21.50029761904762,5.035,19.364150270886796,98.997,20.7125,120.792,1.0
2017,24,Santa Cruz,1,19.27596770744226,73.822,22.031569004847448,18.01,20.583057100085547,147.251,1.0
2017,25,Santa Cruz,1,20.299999999999997,58.189,20.687693452380955,103.055,21.50029761904762,5.035,1.0
2017,26,Santa Cruz,1,20.762824675324673,106.402,19.27596770744226,73.822,22.031569004847448,18.01,4.0
2017,27,Santa Cruz,4,22.02601351351351,6.064,20.299999999999997,58.189,20.687693452380955,103.055,1.0
2017,28,Santa Cruz,1,19.86391694725028,18.069,20.762824675324673,106.402,19.27596770744226,73.822,1.0
2017,30,Santa Cruz,1,22.080308219178086,0.325,19.86391694725028,18.069,20.762824675324673,106.402,2.0
2017,32,Santa Cruz,2,21.427187461811073,62.252,22.080308219178086,0.325,19.86391694725028,18.069,6.0
2017,34,Santa Cruz,6,20.984730538922154,27.445999999999998,21.427187461811073,62.252,22.080308219178086,0.325,1.0
2017,36,Santa Cruz,1,20.048809523809524,138.48200000000003,20.984730538922154,27.445999999999998,21.427187461811073,62.252,2.0
2017,37,Santa Cruz,2,20.543082368082366,108.944,20.95571535500428,45.766999999999996,20.811791944062186,80.828,3.0
2017,38,Santa Cruz,3,20.53001290877797,83.201,20.048809523809524,138.48200000000003,20.984730538922154,27.445999999999998,1.0
2017,39,Santa Cruz,1,19.83614982578397,60.737,20.543082368082366,108.944,20.95571535500428,45.766999999999996,2.0
2017,43,Santa Cruz,2,18.59555860805861,42.842,20.355227726365452,22.633000000000003,19.83614982578397,60.737,2.0
2017,44,Santa Cruz,2,19.52467532467532,51.763999999999996,21.79917857142857,36.388,19.5602991355778,95.911,1.0
2017,45,Santa Cruz,1,19.95096585804133,8.887,18.59555860805861,42.842,20.355227726365452,22.633000000000003,1.0
2017,49,Santa Cruz,1,20.544477911646588,117.631,20.031569004847448,50.376999999999995,19.95096585804133,8.887,1.0
2017,50,Santa Cruz,1,20.267112204163105,19.587,20.248511904761905,31.853,19.21347147349506,104.48599999999999,1.0
2017,52,Santa Cruz,1,19.089713796477493,45.818,20.267112204163105,19.587,20.248511904761905,31.853,1.0
2018,1,Santa Cruz,1,19.193154761904765,102.94200000000001,20.676129261363638,0.0,20.544477911646588,117.631,1.0
2018,3,Santa Cruz,1,19.335714285714282,39.298,19.193154761904765,102.94200000000001,20.676129261363638,0.0,2.0
2018,4,Santa Cruz,2,20.57010535890245,3.5540000000000003,19.02767857142857,119.844,19.089713796477493,45.818,1.0
2018,5,Santa Cruz,1,20.89712552742616,55.019,19.335714285714282,39.298,19.193154761904765,102.94200000000001,2.0
2018,9,Santa Cruz,2,21.317857142857143,7.182,21.39940476190476,58.16,20.89712552742616,55.019,1.0
2018,10,Santa Cruz,1,21.815285714285714,8.573,20.60892857142857,22.154,20.715027239709435,0.202,1.0
2018,13,Santa Cruz,1,19.54548581408611,157.524,21.319489614901325,12.459,21.317857142857143,7.182,1.0
2018,14,Santa Cruz,1,19.19099479612204,76.149,19.967559523809523,124.558,21.815285714285714,8.573,1.0
2018,15,Santa Cruz,1,19.22521742229826,140.014,19.54548581408611,157.524,21.319489614901325,12.459,3.0
2018,16,Santa Cruz,3,20.69217992586256,33.08,19.19099479612204,76.149,19.967559523809523,124.558,1.0
2018,19,Santa Cruz,1,18.926375075346595,235.89100000000002,19.98843321226796,110.944,19.22521742229826,140.014,2.0
2018,23,Santa Cruz,2,21.702083333333334,1.981,20.285416666666663,90.48,18.926375075346595,235.89100000000002,2.0
2018,24,Santa Cruz,2,21.077564513829483,40.980999999999995,20.247916666666665,124.488,19.373109138865125,174.89100000000002,3.0
2018,25,Santa Cruz,3,20.782665343915344,65.938,21.702083333333334,1.981,20.285416666666663,90.48,1.0
2018,26,Santa Cruz,1,19.641964285714288,35.028999999999996,21.077564513829483,40.980999999999995,20.247916666666665,124.488,1.0
2018,27,Santa Cruz,1,20.83869047619048,45.870000000000005,20.782665343915344,65.938,21.702083333333334,1.981,2.0
2018,28,Santa Cruz,2,21.99434523809524,2.033,19.641964285714288,35.028999999999996,21.077564513829483,40.980999999999995,1.0
2018,32,Santa Cruz,1,21.707008448540705,0.033,18.92559523809524,28.7,21.99434523809524,2.033,1.0
2018,35,Santa Cruz,1,21.44077380952381,28.060000000000002,21.16390977443609,38.207,18.89593253968254,34.6,2.0
2018,36,Santa Cruz,2,19.647619047619045,167.208,21.933630952380952,9.211,21.707008448540705,0.033,2.0
2018,38,Santa Cruz,2,21.439583333333335,43.509,19.647619047619045,167.208,21.933630952380952,9.211,4.0
2018,39,Santa Cruz,4,20.383035714285715,132.032,19.54732142857143,101.31299999999999,21.44077380952381,28.060000000000002,1.0
2018,42,Santa Cruz,1,19.423627744510977,107.757,19.59791666666667,244.417,21.439583333333335,43.509,3.0
2018,43,Santa Cruz,3,20.06755952380952,44.153,19.407738095238095,81.641,20.383035714285715,132.032,1.0
2018,45,Santa Cruz,1,19.776190476190475,36.817,20.06755952380952,44.153,19.407738095238095,81.641,1.0
2018,46,Santa Cruz,1,20.524666737952664,43.536,19.163027680397313,121.576,19.423627744510977,107.757,3.0
2018,47,Santa Cruz,3,20.163392857142856,228.88299999999998,19.776190476190475,36.817,20.06755952380952,44.153,3.0
2018,50,Santa Cruz,3,20.68204604130809,6.422000000000001,19.56934523809524,38.900999999999996,20.524666737952664,43.536,2.0
2018,51,Santa Cruz,2,20.358630952380953,5.2010000000000005,19.92142857142857,11.767,20.163392857142856,228.88299999999998,4.0
2018,52,Santa Cruz,4,21.199107142857144,0.0,20.68204604130809,6.422000000000001,19.56934523809524,38.900999999999996,1.0
2019,1,Santa Cruz,1,21.702083333333334,48.616,20.358630952380953,5.2010000000000005,19.92142857142857,11.767,1.0
2019,2,Santa Cruz,1,19.181845238095235,44.163,21.199107142857144,0.0,20.68204604130809,6.422000000000001,1.0
2019,3,Santa Cruz,1,20.54761904761905,16.539,21.702083333333334,48.616,20.358630952380953,5.2010000000000005,2.0
2019,5,Santa Cruz,2,20.58469489592244,19.978,20.54761904761905,16.539,21.702083333333334,48.616,1.0
2019,6,Santa Cruz,1,20.980059523809523,0.732,21.96904761904762,0.876,19.181845238095235,44.163,2.0
2019,7,Santa Cruz,2,21.84583333333333,2.823,20.58469489592244,19.978,20.54761904761905,16.539,1.0
2019,11,Santa Cruz,1,21.175892857142856,14.3,19.816071428571426,121.411,21.84583333333333,2.823,1.0
2019,12,Santa Cruz,1,19.45817805383023,68.6,21.135758839463932,25.105,20.707722055888226,105.743,2.0
2019,14,Santa Cruz,2,19.54794426048565,81.5,19.45817805383023,68.6,21.135758839463932,25.105,1.0
2019,17,Santa Cruz,1,20.517857142857146,35.1,20.6625,45.8,20.43244047619048,65.8,1.0
2019,19,Santa Cruz,1,20.93189117929051,38.6,20.517857142857146,35.1,20.6625,45.8,1.0
2019,21,Santa Cruz,1,19.680952380952377,64.3,20.93189117929051,38.6,20.517857142857146,35.1,1.0
2019,23,Santa Cruz,1,20.99731784279977,37.8,19.680952380952377,64.3,20.93189117929051,38.6,3.0
2019,27,Santa Cruz,3,20.96992621899059,38.1,22.412554112554112,0.1,20.99731784279977,37.8,2.0
2019,28,Santa Cruz,2,20.98482142857143,29.8,21.656854148845166,3.2,21.176957831325304,18.4,3.0
2019,29,Santa Cruz,3,21.879348445965213,10.1,20.96992621899059,38.1,22.412554112554112,0.1,2.0
2019,31,Santa Cruz,2,21.598642857142856,8.8,21.879348445965213,10.1,20.96992621899059,38.1,3.0
2019,32,Santa Cruz,3,22.56467770034843,0.0,20.987724550898204,21.4,20.98482142857143,29.8,2.0
2019,34,Santa Cruz,2,22.284559452523524,1.874,22.56467770034843,0.0,20.987724550898204,21.4,1.0
2019,36,Santa Cruz,1,22.34106060606061,51.072,22.284559452523524,1.874,22.56467770034843,0.0,1.0
2019,37,Santa Cruz,1,22.580755649717513,93.228,22.22268246187364,3.834,21.651785714285715,6.1,1.0
2019,39,Santa Cruz,1,20.242107716580605,84.449,22.580755649717513,93.228,22.22268246187364,3.834,2.0
2019,40,Santa Cruz,2,19.811947533504423,64.07900000000001,19.6575,72.412,22.34106060606061,51.072,1.0
2019,41,Santa Cruz,1,19.94417347123934,33.158,20.242107716580605,84.449,22.580755649717513,93.228,2.0
2019,43,Santa Cruz,2,19.449855945521215,123.856,19.94417347123934,33.158,20.242107716580605,84.449,1.0
2019,44,Santa Cruz,1,20.33673054587689,99.606,19.741271645021644,77.337,19.811947533504423,64.07900000000001,1.0
2019,45,Santa Cruz,1,20.32371212121212,90.394,19.449855945521215,123.856,19.94417347123934,33.158,1.0
2019,48,Santa Cruz,1,21.175400983746794,15.971,19.280833333333334,86.971,20.33673054587689,99.606,1.0
2019,51,Santa Cruz,1,21.011607142857144,19.577,20.334424603174604,19.691000000000003,19.34214826839827,179.652,1.0
2020,1,Santa Cruz,1,20.126536796536797,30.362,21.011607142857144,19.577,20.334424603174604,19.691000000000003,2.0
2020,2,Santa Cruz,2,20.4320533888402,0.0,21.583768177929855,44.2,19.78839285714286,65.613,1.0
2020,3,Santa Cruz,1,22.372500815394652,0.0,20.126536796536797,30.362,21.011607142857144,19.577,2.0
2020,4,Santa Cruz,2,20.1506599378882,74.81,20.4320533888402,0.0,21.583768177929855,44.2,2.0
2020,5,Santa Cruz,2,20.95476907630522,30.737000000000002,22.372500815394652,0.0,20.126536796536797,30.362,1.0
2020,11,Santa Cruz,1,20.87708333333333,58.356,21.29524600504626,6.045,22.251461723930078,11.719000000000001,1.0
2020,12,Santa Cruz,1,20.727558016877637,24.101999999999997,22.29136904761905,2.717,22.024197722567287,66.928,1.0
2020,18,Santa Cruz,1,23.235928143712574,1.909,21.433532934131737,28.7,22.622377622377623,17.193,1.0
2020,26,Santa Cruz,1,22.36050955414013,1.069,21.921818181818185,0.728,21.941666666666663,29.251,1.0
2020,33,Santa Cruz,1,22.53265306122449,11.477,22.63154761904762,4.338,22.683832335329345,1.334,1.0
2020,37,Santa Cruz,1,21.530379746835443,7.606,21.288622754491016,0.157,22.53265306122449,11.477,1.0
2020,40,Santa Cruz,1,20.83405797101449,1.507,21.171794871794877,0.778,21.273652694610774,4.556,1.0
2020,45,Santa Cruz,1,21.37393939393939,2.657,21.12546583850932,0.924,21.17910447761194,0.004,1.0
2020,47,Santa Cruz,1,20.81556886227545,0.676,21.37393939393939,2.657,21.12546583850932,0.924,1.0
2021,3,Santa Cruz,1,22.061486486486487,3.492,20.79824561403509,4.157,21.16216216216216,41.654,1.0
2021,5,Santa Cruz,1,23.397959183673468,1.098,22.061486486486487,3.492,20.79824561403509,4.157,1.0
2021,26,Santa Cruz,1,22.07857142857143,20.0,21.65952380952381,53.314,21.811904761904763,44.339,1.0
2021,30,Santa Cruz,1,22.093333333333334,29.423,22.665269461077845,57.513,22.07857142857143,20.0,1.0
2021,34,Santa Cruz,1,21.30328947368421,29.291,21.43956834532374,48.203,22.093333333333334,29.423,
2019,2,Santa Elena,1,19.181845238095235,44.163,21.199107142857144,0.0,20.68204604130809,6.422000000000001,1.0
2019,18,Santa Elena,1,22.4164156626506,0.0,20.26900662959795,30.4,19.54794426048565,81.5,1.0
2019,19,Santa Elena,1,20.93189117929051,38.6,20.517857142857146,35.1,20.6625,45.8,1.0
2019,20,Santa Elena,1,20.026488095238093,73.3,22.4164156626506,0.0,20.26900662959795,30.4,2.0
2019,26,Santa Elena,2,21.656854148845166,3.2,21.176957831325304,18.4,19.456845238095237,62.1,1.0
2019,27,Santa Elena,1,20.96992621899059,38.1,22.412554112554112,0.1,20.99731784279977,37.8,1.0
2019,38,Santa Elena,1,19.6575,72.412,22.34106060606061,51.072,22.284559452523524,1.874,1.0
2019,50,Santa Elena,1,19.78839285714286,65.613,21.175400983746794,15.971,19.280833333333334,86.971,
2017,1,Sin Informacion,7,20.30386904761905,11.716000000000001,,,,,8.0
2017,2,Sin Informacion,8,19.29287918871252,1.0390000000000001,,,,,2.0
2017,3,Sin Informacion,2,19.181688311688312,30.721,20.30386904761905,11.716000000000001,,,3.0
2017,4,Sin Informacion,3,20.63125,,19.29287918871252,1.0390000000000001,,,1.0
2017,5,Sin Informacion,1,21.180059523809526,1.5950000000000002,19.181688311688312,30.721,20.30386904761905,11.716000000000001,7.0
2017,8,Sin Informacion,7,19.97134776095869,120.549,21.408035714285717,1.8929999999999998,20.63125,,2.0
2017,9,Sin Informacion,2,20.148988095238096,38.852000000000004,20.375515041345878,10.851,21.180059523809526,1.5950000000000002,2.0
2017,10,Sin Informacion,2,19.051488095238096,106.376,19.97134776095869,120.549,21.408035714285717,1.8929999999999998,1.0
2017,11,Sin Informacion,1,19.25224358974359,94.74199999999999,20.148988095238096,38.852000000000004,20.375515041345878,10.851,1.0
2017,13,Sin Informacion,1,20.10198578746122,172.739,19.25224358974359,94.74199999999999,20.148988095238096,38.852000000000004,2.0
2017,16,Sin Informacion,2,20.133928571428577,33.571,21.110778443113773,44.946,19.27172619047619,105.09800000000001,2.0
2017,17,Sin Informacion,2,20.7125,120.792,20.376488095238095,28.35,20.10198578746122,172.739,1.0
2017,18,Sin Informacion,1,19.254166666666666,115.362,20.133928571428577,33.571,21.110778443113773,44.946,2.0
2017,19,Sin Informacion,2,19.364150270886796,98.997,20.7125,120.792,20.376488095238095,28.35,6.0
2017,20,Sin Informacion,6,20.583057100085547,147.251,19.254166666666666,115.362,20.133928571428577,33.571,2.0
2017,21,Sin Informacion,2,21.50029761904762,5.035,19.364150270886796,98.997,20.7125,120.792,2.0
2017,22,Sin Informacion,2,22.031569004847448,18.01,20.583057100085547,147.251,19.254166666666666,115.362,2.0
2017,24,Sin Informacion,2,19.27596770744226,73.822,22.031569004847448,18.01,20.583057100085547,147.251,3.0
2017,25,Sin Informacion,3,20.299999999999997,58.189,20.687693452380955,103.055,21.50029761904762,5.035,2.0
2017,26,Sin Informacion,2,20.762824675324673,106.402,19.27596770744226,73.822,22.031569004847448,18.01,5.0
2017,28,Sin Informacion,5,19.86391694725028,18.069,20.762824675324673,106.402,19.27596770744226,73.822,2.0
2017,30,Sin Informacion,2,22.080308219178086,0.325,19.86391694725028,18.069,20.762824675324673,106.402,1.0
2017,31,Sin Informacion,1,20.839872798434442,27.232,21.29785973229225,23.009,22.02601351351351,6.064,4.0
2017,32,Sin Informacion,4,21.427187461811073,62.252,22.080308219178086,0.325,19.86391694725028,18.069,1.0
2017,33,Sin Informacion,1,20.811791944062186,80.828,20.839872798434442,27.232,21.29785973229225,23.009,4.0
2017,34,Sin Informacion,4,20.984730538922154,27.445999999999998,21.427187461811073,62.252,22.080308219178086,0.325,2.0
2017,35,Sin Informacion,2,20.95571535500428,45.766999999999996,20.811791944062186,80.828,20.839872798434442,27.232,3.0
2017,36,Sin Informacion,3,20.048809523809524,138.48200000000003,20.984730538922154,27.445999999999998,21.427187461811073,62.252,3.0
2017,37,Sin Informacion,3,20.543082368082366,108.944,20.95571535500428,45.766999999999996,20.811791944062186,80.828,2.0
2017,38,Sin Informacion,2,20.53001290877797,83.201,20.048809523809524,138.48200000000003,20.984730538922154,27.445999999999998,7.0
2017,39,Sin Informacion,7,19.83614982578397,60.737,20.543082368082366,108.944,20.95571535500428,45.766999999999996,1.0
2017,41,Sin Informacion,1,20.355227726365452,22.633000000000003,19.83614982578397,60.737,20.543082368082366,108.944,1.0
2017,42,Sin Informacion,1,21.79917857142857,36.388,19.5602991355778,95.911,20.53001290877797,83.201,2.0
2017,44,Sin Informacion,2,19.52467532467532,51.763999999999996,21.79917857142857,36.388,19.5602991355778,95.911,2.0
2017,45,Sin Informacion,2,19.95096585804133,8.887,18.59555860805861,42.842,20.355227726365452,22.633000000000003,1.0
2017,46,Sin Informacion,1,19.21347147349506,104.48599999999999,19.52467532467532,51.763999999999996,21.79917857142857,36.388,3.0
2017,47,Sin Informacion,3,20.031569004847448,50.376999999999995,19.95096585804133,8.887,18.59555860805861,42.842,2.0
2017,49,Sin Informacion,2,20.544477911646588,117.631,20.031569004847448,50.376999999999995,19.95096585804133,8.887,1.0
2017,50,Sin Informacion,1,20.267112204163105,19.587,20.248511904761905,31.853,19.21347147349506,104.48599999999999,1.0
2017,51,Sin Informacion,1,20.676129261363638,0.0,20.544477911646588,117.631,20.031569004847448,50.376999999999995,2.0
2017,52,Sin Informacion,2,19.089713796477493,45.818,20.267112204163105,19.587,20.248511904761905,31.853,2.0
2018,1,Sin Informacion,2,19.193154761904765,102.94200000000001,20.676129261363638,0.0,20.544477911646588,117.631,1.0
2018,2,Sin Informacion,1,19.02767857142857,119.844,19.089713796477493,45.818,20.267112204163105,19.587,1.0
2018,4,Sin Informacion,1,20.57010535890245,3.5540000000000003,19.02767857142857,119.844,19.089713796477493,45.818,1.0
2018,5,Sin Informacion,1,20.89712552742616,55.019,19.335714285714282,39.298,19.193154761904765,102.94200000000001,1.0
2018,8,Sin Informacion,1,20.60892857142857,22.154,20.715027239709435,0.202,20.57010535890245,3.5540000000000003,1.0
2018,9,Sin Informacion,1,21.317857142857143,7.182,21.39940476190476,58.16,20.89712552742616,55.019,2.0
2018,10,Sin Informacion,2,21.815285714285714,8.573,20.60892857142857,22.154,20.715027239709435,0.202,1.0
2018,12,Sin Informacion,1,19.967559523809523,124.558,21.815285714285714,8.573,20.60892857142857,22.154,2.0
2018,13,Sin Informacion,2,19.54548581408611,157.524,21.319489614901325,12.459,21.317857142857143,7.182,1.0
2018,14,Sin Informacion,1,19.19099479612204,76.149,19.967559523809523,124.558,21.815285714285714,8.573,1.0
2018,16,Sin Informacion,1,20.69217992586256,33.08,19.19099479612204,76.149,19.967559523809523,124.558,1.0
2018,17,Sin Informacion,1,19.98843321226796,110.944,19.22521742229826,140.014,19.54548581408611,157.524,1.0
2018,20,Sin Informacion,1,19.373109138865125,174.89100000000002,19.686904761904763,97.144,20.69217992586256,33.08,1.0
2018,22,Sin Informacion,1,20.247916666666665,124.488,19.373109138865125,174.89100000000002,19.686904761904763,97.144,3.0
2018,24,Sin Informacion,3,21.077564513829483,40.980999999999995,20.247916666666665,124.488,19.373109138865125,174.89100000000002,1.0
2018,27,Sin Informacion,1,20.83869047619048,45.870000000000005,20.782665343915344,65.938,21.702083333333334,1.981,1.0
2018,28,Sin Informacion,1,21.99434523809524,2.033,19.641964285714288,35.028999999999996,21.077564513829483,40.980999999999995,1.0
2018,30,Sin Informacion,1,18.92559523809524,28.7,21.99434523809524,2.033,19.641964285714288,35.028999999999996,1.0
2018,32,Sin Informacion,1,21.707008448540705,0.033,18.92559523809524,28.7,21.99434523809524,2.033,1.0
2018,33,Sin Informacion,1,21.16390977443609,38.207,18.89593253968254,34.6,21.19891906873614,18.116,2.0
2018,35,Sin Informacion,2,21.44077380952381,28.060000000000002,21.16390977443609,38.207,18.89593253968254,34.6,2.0
2018,36,Sin Informacion,2,19.647619047619045,167.208,21.933630952380952,9.211,21.707008448540705,0.033,1.0
2018,38,Sin Informacion,1,21.439583333333335,43.509,19.647619047619045,167.208,21.933630952380952,9.211,1.0
2018,40,Sin Informacion,1,19.59791666666667,244.417,21.439583333333335,43.509,19.647619047619045,167.208,1.0
2018,41,Sin Informacion,1,19.407738095238095,81.641,20.383035714285715,132.032,19.54732142857143,101.31299999999999,2.0
2018,42,Sin Informacion,2,19.423627744510977,107.757,19.59791666666667,244.417,21.439583333333335,43.509,1.0
2018,43,Sin Informacion,1,20.06755952380952,44.153,19.407738095238095,81.641,20.383035714285715,132.032,1.0
2018,44,Sin Informacion,1,19.163027680397313,121.576,19.423627744510977,107.757,19.59791666666667,244.417,1.0
2018,45,Sin Informacion,1,19.776190476190475,36.817,20.06755952380952,44.153,19.407738095238095,81.641,1.0
2018,46,Sin Informacion,1,20.524666737952664,43.536,19.163027680397313,121.576,19.423627744510977,107.757,3.0
2018,47,Sin Informacion,3,20.163392857142856,228.88299999999998,19.776190476190475,36.817,20.06755952380952,44.153,2.0
2018,49,Sin Informacion,2,19.92142857142857,11.767,20.163392857142856,228.88299999999998,19.776190476190475,36.817,2.0
2018,50,Sin Informacion,2,20.68204604130809,6.422000000000001,19.56934523809524,38.900999999999996,20.524666737952664,43.536,2.0
2018,51,Sin Informacion,2,20.358630952380953,5.2010000000000005,19.92142857142857,11.767,20.163392857142856,228.88299999999998,2.0
2018,52,Sin Informacion,2,21.199107142857144,0.0,20.68204604130809,6.422000000000001,19.56934523809524,38.900999999999996,4.0
2019,1,Sin Informacion,4,21.702083333333334,48.616,20.358630952380953,5.2010000000000005,19.92142857142857,11.767,1.0
2019,2,Sin Informacion,1,19.181845238095235,44.163,21.199107142857144,0.0,20.68204604130809,6.422000000000001,2.0
2019,3,Sin Informacion,2,20.54761904761905,16.539,21.702083333333334,48.616,20.358630952380953,5.2010000000000005,1.0
2019,4,Sin Informacion,1,21.96904761904762,0.876,19.181845238095235,44.163,21.199107142857144,0.0,1.0
2019,7,Sin Informacion,1,21.84583333333333,2.823,20.58469489592244,19.978,20.54761904761905,16.539,4.0
2019,9,Sin Informacion,4,19.816071428571426,121.411,21.84583333333333,2.823,20.58469489592244,19.978,1.0
2019,10,Sin Informacion,1,21.135758839463932,25.105,20.707722055888226,105.743,20.980059523809523,0.732,1.0
2019,12,Sin Informacion,1,19.45817805383023,68.6,21.135758839463932,25.105,20.707722055888226,105.743,2.0
2019,14,Sin Informacion,2,19.54794426048565,81.5,19.45817805383023,68.6,21.135758839463932,25.105,2.0
2019,16,Sin Informacion,2,20.26900662959795,30.4,19.54794426048565,81.5,19.45817805383023,68.6,1.0
2019,17,Sin Informacion,1,20.517857142857146,35.1,20.6625,45.8,20.43244047619048,65.8,2.0
2019,19,Sin Informacion,2,20.93189117929051,38.6,20.517857142857146,35.1,20.6625,45.8,2.0
2019,22,Sin Informacion,2,19.456845238095237,62.1,20.026488095238093,73.3,22.4164156626506,0.0,1.0
2019,23,Sin Informacion,1,20.99731784279977,37.8,19.680952380952377,64.3,20.93189117929051,38.6,4.0
2019,24,Sin Informacion,4,21.176957831325304,18.4,19.456845238095237,62.1,20.026488095238093,73.3,1.0
2019,25,Sin Informacion,1,22.412554112554112,0.1,20.99731784279977,37.8,19.680952380952377,64.3,2.0
2019,26,Sin Informacion,2,21.656854148845166,3.2,21.176957831325304,18.4,19.456845238095237,62.1,2.0
2019,27,Sin Informacion,2,20.96992621899059,38.1,22.412554112554112,0.1,20.99731784279977,37.8,1.0
2019,28,Sin Informacion,1,20.98482142857143,29.8,21.656854148845166,3.2,21.176957831325304,18.4,4.0
2019,29,Sin Informacion,4,21.879348445965213,10.1,20.96992621899059,38.1,22.412554112554112,0.1,1.0
2019,30,Sin Informacion,1,20.987724550898204,21.4,20.98482142857143,29.8,21.656854148845166,3.2,2.0
2019,31,Sin Informacion,2,21.598642857142856,8.8,21.879348445965213,10.1,20.96992621899059,38.1,4.0
2019,32,Sin Informacion,4,22.56467770034843,0.0,20.987724550898204,21.4,20.98482142857143,29.8,1.0
2019,33,Sin Informacion,1,21.651785714285715,6.1,21.598642857142856,8.8,21.879348445965213,10.1,3.0
2019,34,Sin Informacion,3,22.284559452523524,1.874,22.56467770034843,0.0,20.987724550898204,21.4,2.0
2019,35,Sin Informacion,2,22.22268246187364,3.834,21.651785714285715,6.1,21.598642857142856,8.8,1.0
2019,36,Sin Informacion,1,22.34106060606061,51.072,22.284559452523524,1.874,22.56467770034843,0.0,1.0
2019,37,Sin Informacion,1,22.580755649717513,93.228,22.22268246187364,3.834,21.651785714285715,6.1,5.0
2019,38,Sin Informacion,5,19.6575,72.412,22.34106060606061,51.072,22.284559452523524,1.874,1.0
2019,39,Sin Informacion,1,20.242107716580605,84.449,22.580755649717513,93.228,22.22268246187364,3.834,3.0
2019,41,Sin Informacion,3,19.94417347123934,33.158,20.242107716580605,84.449,22.580755649717513,93.228,3.0
2019,42,Sin Informacion,3,19.741271645021644,77.337,19.811947533504423,64.07900000000001,19.6575,72.412,1.0
2019,43,Sin Informacion,1,19.449855945521215,123.856,19.94417347123934,33.158,20.242107716580605,84.449,1.0
2019,44,Sin Informacion,1,20.33673054587689,99.606,19.741271645021644,77.337,19.811947533504423,64.07900000000001,4.0
2019,45,Sin Informacion,4,20.32371212121212,90.394,19.449855945521215,123.856,19.94417347123934,33.158,2.0
2019,46,Sin Informacion,2,19.280833333333334,86.971,20.33673054587689,99.606,19.741271645021644,77.337,2.0
2019,47,Sin Informacion,2,19.34214826839827,179.652,20.32371212121212,90.394,19.449855945521215,123.856,2.0
2019,49,Sin Informacion,2,20.334424603174604,19.691000000000003,19.34214826839827,179.652,20.32371212121212,90.394,1.0
2019,50,Sin Informacion,1,19.78839285714286,65.613,21.175400983746794,15.971,19.280833333333334,86.971,3.0
2019,51,Sin Informacion,3,21.011607142857144,19.577,20.334424603174604,19.691000000000003,19.34214826839827,179.652,1.0
2019,52,Sin Informacion,1,21.583768177929855,44.2,19.78839285714286,65.613,21.175400983746794,15.971,10.0
2020,1,Sin Informacion,10,20.126536796536797,30.362,21.011607142857144,19.577,20.334424603174604,19.691000000000003,13.0
2020,2,Sin Informacion,13,20.4320533888402,0.0,21.583768177929855,44.2,19.78839285714286,65.613,6.0
2020,3,Sin Informacion,6,22.372500815394652,0.0,20.126536796536797,30.362,21.011607142857144,19.577,5.0
2020,4,Sin Informacion,5,20.1506599378882,74.81,20.4320533888402,0.0,21.583768177929855,44.2,3.0
2020,5,Sin Informacion,3,20.95476907630522,30.737000000000002,22.372500815394652,0.0,20.126536796536797,30.362,3.0
2020,6,Sin Informacion,3,21.638881401617247,3.067,20.1506599378882,74.81,20.4320533888402,0.0,4.0
2020,7,Sin Informacion,4,22.251461723930078,11.719000000000001,20.95476907630522,30.737000000000002,22.372500815394652,0.0,4.0
2020,8,Sin Informacion,4,22.024197722567287,66.928,21.638881401617247,3.067,20.1506599378882,74.81,4.0
2020,9,Sin Informacion,4,21.29524600504626,6.045,22.251461723930078,11.719000000000001,20.95476907630522,30.737000000000002,3.0
2020,10,Sin Informacion,3,22.29136904761905,2.717,22.024197722567287,66.928,21.638881401617247,3.067,2.0
2020,11,Sin Informacion,2,20.87708333333333,58.356,21.29524600504626,6.045,22.251461723930078,11.719000000000001,2.0
2020,12,Sin Informacion,2,20.727558016877637,24.101999999999997,22.29136904761905,2.717,22.024197722567287,66.928,1.0
2020,13,Sin Informacion,1,21.103600750645086,14.557,20.87708333333333,58.356,21.29524600504626,6.045,1.0
2020,14,Sin Informacion,1,22.622377622377623,17.193,20.727558016877637,24.101999999999997,22.29136904761905,2.717,2.0
2020,15,Sin Informacion,2,23.511805555555554,16.224,21.103600750645086,14.557,20.87708333333333,58.356,1.0
2020,17,Sin Informacion,1,21.92035928143713,5.307,23.511805555555554,16.224,21.103600750645086,14.557,1.0
2020,20,Sin Informacion,1,23.538607594936707,3.535,23.235928143712574,1.909,21.433532934131737,28.7,1.0
2020,21,Sin Informacion,1,23.55875,15.329,24.81878787878788,3.148,21.92035928143713,5.307,1.0
2020,23,Sin Informacion,1,22.179166666666667,4.182,23.55875,15.329,24.81878787878788,3.148,1.0
2020,25,Sin Informacion,1,21.43109756097561,2.254,22.179166666666667,4.182,23.55875,15.329,2.0
2020,26,Sin Informacion,2,22.36050955414013,1.069,21.921818181818185,0.728,21.941666666666663,29.251,1.0
2020,27,Sin Informacion,1,21.517532467532465,1.376,21.43109756097561,2.254,22.179166666666667,4.182,1.0
2020,28,Sin Informacion,1,21.12606060606061,2.173,22.36050955414013,1.069,21.921818181818185,0.728,1.0
2020,29,Sin Informacion,1,22.683832335329345,1.334,21.517532467532465,1.376,21.43109756097561,2.254,2.0
2020,33,Sin Informacion,2,22.53265306122449,11.477,22.63154761904762,4.338,22.683832335329345,1.334,2.0
2020,35,Sin Informacion,2,21.288622754491016,0.157,22.53265306122449,11.477,22.63154761904762,4.338,1.0
2020,36,Sin Informacion,1,21.273652694610774,4.556,21.538414634146346,0.427,23.7144578313253,0.441,2.0
2020,37,Sin Informacion,2,21.530379746835443,7.606,21.288622754491016,0.157,22.53265306122449,11.477,1.0
2020,38,Sin Informacion,1,21.171794871794877,0.778,21.273652694610774,4.556,21.538414634146346,0.427,1.0
2020,40,Sin Informacion,1,20.83405797101449,1.507,21.171794871794877,0.778,21.273652694610774,4.556,3.0
2020,41,Sin Informacion,3,21.17910447761194,0.004,21.70719424460432,0.004,21.530379746835443,7.606,1.0
2020,42,Sin Informacion,1,21.753846153846155,6.502,20.83405797101449,1.507,21.171794871794877,0.778,1.0
2020,43,Sin Informacion,1,21.12546583850932,0.924,21.17910447761194,0.004,21.70719424460432,0.004,1.0
2020,46,Sin Informacion,1,20.275694444444444,0.732,21.112676056338028,4.684,21.753846153846155,6.502,2.0
2020,47,Sin Informacion,2,20.81556886227545,0.676,21.37393939393939,2.657,21.12546583850932,0.924,1.0
2020,50,Sin Informacion,1,21.87702702702703,0.104,21.475757575757576,0.175,20.275694444444444,0.732,2.0
2020,51,Sin Informacion,2,21.86625,6.224,21.50718562874252,0.168,20.81556886227545,0.676,2.0
2021,2,Sin Informacion,2,22.226595744680854,9.776,21.34331210191083,1.006,21.86625,6.224,1.0
2021,4,Sin Informacion,1,22.497350993377484,0.004,22.226595744680854,9.776,21.34331210191083,1.006,1.0
2021,5,Sin Informacion,1,23.397959183673468,1.098,22.061486486486487,3.492,20.79824561403509,4.157,3.0
2021,6,Sin Informacion,3,21.885802469135804,2.532,22.497350993377484,0.004,22.226595744680854,9.776,1.0
2021,7,Sin Informacion,1,21.081617647058824,0.768,23.397959183673468,1.098,22.061486486486487,3.492,1.0
2021,8,Sin Informacion,1,22.01095890410959,13.375,21.885802469135804,2.532,22.497350993377484,0.004,1.0
2021,18,Sin Informacion,1,18.33333333333333,0.321,27.0,0.0,21.49051724137931,13.827,1.0
2021,24,Sin Informacion,1,21.65952380952381,53.314,21.811904761904763,44.339,22.01077844311377,11.27,2.0
2021,28,Sin Informacion,2,22.665269461077845,57.513,22.07857142857143,20.0,21.65952380952381,53.314,1.0
2021,31,Sin Informacion,1,22.59820359281437,14.463,22.704790419161675,13.932,22.5874251497006,20.381,1.0
2021,34,Sin Informacion,1,21.30328947368421,29.291,21.43956834532374,48.203,22.093333333333334,29.423,1.0
2021,39,Sin Informacion,1,21.13869047619048,29.588,22.90974025974026,30.613,21.0,78.581,1.0
2021,40,Sin Informacion,1,22.26095890410959,26.694,21.57202797202797,41.942,20.991071428571427,28.044,1.0
2021,41,Sin Informacion,1,21.166060606060608,55.467,21.13869047619048,29.588,22.90974025974026,30.613,1.0
2021,42,Sin Informacion,1,21.2375,39.122,22.26095890410959,26.694,21.57202797202797,41.942,1.0
2021,43,Sin Informacion,1,20.47142857142857,70.393,21.166060606060608,55.467,21.13869047619048,29.588,2.0
2021,45,Sin Informacion,2,20.645454545454545,71.947,20.47142857142857,70.393,21.166060606060608,55.467,2.0
2021,46,Sin Informacion,2,21.20969696969697,32.828,21.271856287425152,6.029,21.2375,39.122,2.0
2021,47,Sin Informacion,2,20.374305555555555,52.711,20.645454545454545,71.947,20.47142857142857,70.393,1.0
2021,50,Sin Informacion,1,21.12619047619048,16.234,21.5,38.38,21.20969696969697,32.828,1.0
2021,51,Sin Informacion,1,21.88132530120482,19.529,21.98273809523809,1.032,20.374305555555555,52.711,
2017,1,Villa Hermosa,4,20.30386904761905,11.716000000000001,,,,,3.0
2017,2,Villa Hermosa,3,19.29287918871252,1.0390000000000001,,,,,3.0
2017,3,Villa Hermosa,3,19.181688311688312,30.721,20.30386904761905,11.716000000000001,,,4.0
2017,4,Villa Hermosa,4,20.63125,,19.29287918871252,1.0390000000000001,,,2.0
2017,5,Villa Hermosa,2,21.180059523809526,1.5950000000000002,19.181688311688312,30.721,20.30386904761905,11.716000000000001,3.0
2017,6,Villa Hermosa,3,21.408035714285717,1.8929999999999998,20.63125,,19.29287918871252,1.0390000000000001,2.0
2017,7,Villa Hermosa,2,20.375515041345878,10.851,21.180059523809526,1.5950000000000002,19.181688311688312,30.721,1.0
2017,9,Villa Hermosa,1,20.148988095238096,38.852000000000004,20.375515041345878,10.851,21.180059523809526,1.5950000000000002,1.0
2017,10,Villa Hermosa,1,19.051488095238096,106.376,19.97134776095869,120.549,21.408035714285717,1.8929999999999998,1.0
2017,11,Villa Hermosa,1,19.25224358974359,94.74199999999999,20.148988095238096,38.852000000000004,20.375515041345878,10.851,5.0
2017,12,Villa Hermosa,5,19.27172619047619,105.09800000000001,19.051488095238096,106.376,19.97134776095869,120.549,2.0
2017,13,Villa Hermosa,2,20.10198578746122,172.739,19.25224358974359,94.74199999999999,20.148988095238096,38.852000000000004,2.0
2017,14,Villa Hermosa,2,21.110778443113773,44.946,19.27172619047619,105.09800000000001,19.051488095238096,106.376,4.0
2017,15,Villa Hermosa,4,20.376488095238095,28.35,20.10198578746122,172.739,19.25224358974359,94.74199999999999,5.0
2017,16,Villa Hermosa,5,20.133928571428577,33.571,21.110778443113773,44.946,19.27172619047619,105.09800000000001,3.0
2017,17,Villa Hermosa,3,20.7125,120.792,20.376488095238095,28.35,20.10198578746122,172.739,3.0
2017,18,Villa Hermosa,3,19.254166666666666,115.362,20.133928571428577,33.571,21.110778443113773,44.946,2.0
2017,19,Villa Hermosa,2,19.364150270886796,98.997,20.7125,120.792,20.376488095238095,28.35,5.0
2017,20,Villa Hermosa,5,20.583057100085547,147.251,19.254166666666666,115.362,20.133928571428577,33.571,2.0
2017,21,Villa Hermosa,2,21.50029761904762,5.035,19.364150270886796,98.997,20.7125,120.792,4.0
2017,22,Villa Hermosa,4,22.031569004847448,18.01,20.583057100085547,147.251,19.254166666666666,115.362,3.0
2017,23,Villa Hermosa,3,20.687693452380955,103.055,21.50029761904762,5.035,19.364150270886796,98.997,1.0
2017,24,Villa Hermosa,1,19.27596770744226,73.822,22.031569004847448,18.01,20.583057100085547,147.251,4.0
2017,26,Villa Hermosa,4,20.762824675324673,106.402,19.27596770744226,73.822,22.031569004847448,18.01,6.0
2017,27,Villa Hermosa,6,22.02601351351351,6.064,20.299999999999997,58.189,20.687693452380955,103.055,3.0
2017,28,Villa Hermosa,3,19.86391694725028,18.069,20.762824675324673,106.402,19.27596770744226,73.822,4.0
2017,29,Villa Hermosa,4,21.29785973229225,23.009,22.02601351351351,6.064,20.299999999999997,58.189,3.0
2017,30,Villa Hermosa,3,22.080308219178086,0.325,19.86391694725028,18.069,20.762824675324673,106.402,3.0
2017,31,Villa Hermosa,3,20.839872798434442,27.232,21.29785973229225,23.009,22.02601351351351,6.064,2.0
2017,32,Villa Hermosa,2,21.427187461811073,62.252,22.080308219178086,0.325,19.86391694725028,18.069,1.0
2017,33,Villa Hermosa,1,20.811791944062186,80.828,20.839872798434442,27.232,21.29785973229225,23.009,2.0
2017,34,Villa Hermosa,2,20.984730538922154,27.445999999999998,21.427187461811073,62.252,22.080308219178086,0.325,2.0
2017,35,Villa Hermosa,2,20.95571535500428,45.766999999999996,20.811791944062186,80.828,20.839872798434442,27.232,1.0
2017,36,Villa Hermosa,1,20.048809523809524,138.48200000000003,20.984730538922154,27.445999999999998,21.427187461811073,62.252,4.0
2017,38,Villa Hermosa,4,20.53001290877797,83.201,20.048809523809524,138.48200000000003,20.984730538922154,27.445999999999998,2.0
2017,39,Villa Hermosa,2,19.83614982578397,60.737,20.543082368082366,108.944,20.95571535500428,45.766999999999996,2.0
2017,40,Villa Hermosa,2,19.5602991355778,95.911,20.53001290877797,83.201,20.048809523809524,138.48200000000003,4.0
2017,41,Villa Hermosa,4,20.355227726365452,22.633000000000003,19.83614982578397,60.737,20.543082368082366,108.944,2.0
2017,42,Villa Hermosa,2,21.79917857142857,36.388,19.5602991355778,95.911,20.53001290877797,83.201,2.0
2017,43,Villa Hermosa,2,18.59555860805861,42.842,20.355227726365452,22.633000000000003,19.83614982578397,60.737,1.0
2017,44,Villa Hermosa,1,19.52467532467532,51.763999999999996,21.79917857142857,36.388,19.5602991355778,95.911,4.0
2017,46,Villa Hermosa,4,19.21347147349506,104.48599999999999,19.52467532467532,51.763999999999996,21.79917857142857,36.388,2.0
2017,48,Villa Hermosa,2,20.248511904761905,31.853,19.21347147349506,104.48599999999999,19.52467532467532,51.763999999999996,3.0
2017,49,Villa Hermosa,3,20.544477911646588,117.631,20.031569004847448,50.376999999999995,19.95096585804133,8.887,2.0
2017,50,Villa Hermosa,2,20.267112204163105,19.587,20.248511904761905,31.853,19.21347147349506,104.48599999999999,2.0
2017,51,Villa Hermosa,2,20.676129261363638,0.0,20.544477911646588,117.631,20.031569004847448,50.376999999999995,1.0
2017,52,Villa Hermosa,1,19.089713796477493,45.818,20.267112204163105,19.587,20.248511904761905,31.853,2.0
2018,1,Villa Hermosa,2,19.193154761904765,102.94200000000001,20.676129261363638,0.0,20.544477911646588,117.631,3.0
2018,2,Villa Hermosa,3,19.02767857142857,119.844,19.089713796477493,45.818,20.267112204163105,19.587,1.0
2018,3,Villa Hermosa,1,19.335714285714282,39.298,19.193154761904765,102.94200000000001,20.676129261363638,0.0,3.0
2018,4,Villa Hermosa,3,20.57010535890245,3.5540000000000003,19.02767857142857,119.844,19.089713796477493,45.818,3.0
2018,5,Villa Hermosa,3,20.89712552742616,55.019,19.335714285714282,39.298,19.193154761904765,102.94200000000001,3.0
2018,6,Villa Hermosa,3,20.715027239709435,0.202,20.57010535890245,3.5540000000000003,19.02767857142857,119.844,1.0
2018,8,Villa Hermosa,1,20.60892857142857,22.154,20.715027239709435,0.202,20.57010535890245,3.5540000000000003,1.0
2018,9,Villa Hermosa,1,21.317857142857143,7.182,21.39940476190476,58.16,20.89712552742616,55.019,2.0
2018,11,Villa Hermosa,2,21.319489614901325,12.459,21.317857142857143,7.182,21.39940476190476,58.16,2.0
2018,12,Villa Hermosa,2,19.967559523809523,124.558,21.815285714285714,8.573,20.60892857142857,22.154,1.0
2018,13,Villa Hermosa,1,19.54548581408611,157.524,21.319489614901325,12.459,21.317857142857143,7.182,3.0
2018,14,Villa Hermosa,3,19.19099479612204,76.149,19.967559523809523,124.558,21.815285714285714,8.573,1.0
2018,15,Villa Hermosa,1,19.22521742229826,140.014,19.54548581408611,157.524,21.319489614901325,12.459,2.0
2018,16,Villa Hermosa,2,20.69217992586256,33.08,19.19099479612204,76.149,19.967559523809523,124.558,1.0
2018,17,Villa Hermosa,1,19.98843321226796,110.944,19.22521742229826,140.014,19.54548581408611,157.524,1.0
2018,18,Villa Hermosa,1,19.686904761904763,97.144,20.69217992586256,33.08,19.19099479612204,76.149,2.0
2018,19,Villa Hermosa,2,18.926375075346595,235.89100000000002,19.98843321226796,110.944,19.22521742229826,140.014,2.0
2018,21,Villa Hermosa,2,20.285416666666663,90.48,18.926375075346595,235.89100000000002,19.98843321226796,110.944,1.0
2018,22,Villa Hermosa,1,20.247916666666665,124.488,19.373109138865125,174.89100000000002,19.686904761904763,97.144,1.0
2018,23,Villa Hermosa,1,21.702083333333334,1.981,20.285416666666663,90.48,18.926375075346595,235.89100000000002,1.0
2018,25,Villa Hermosa,1,20.782665343915344,65.938,21.702083333333334,1.981,20.285416666666663,90.48,1.0
2018,27,Villa Hermosa,1,20.83869047619048,45.870000000000005,20.782665343915344,65.938,21.702083333333334,1.981,2.0
2018,28,Villa Hermosa,2,21.99434523809524,2.033,19.641964285714288,35.028999999999996,21.077564513829483,40.980999999999995,1.0
2018,29,Villa Hermosa,1,21.19891906873614,18.116,20.83869047619048,45.870000000000005,20.782665343915344,65.938,2.0
2018,30,Villa Hermosa,2,18.92559523809524,28.7,21.99434523809524,2.033,19.641964285714288,35.028999999999996,2.0
2018,31,Villa Hermosa,2,18.89593253968254,34.6,21.19891906873614,18.116,20.83869047619048,45.870000000000005,1.0
2018,32,Villa Hermosa,1,21.707008448540705,0.033,18.92559523809524,28.7,21.99434523809524,2.033,1.0
2018,33,Villa Hermosa,1,21.16390977443609,38.207,18.89593253968254,34.6,21.19891906873614,18.116,2.0
2018,35,Villa Hermosa,2,21.44077380952381,28.060000000000002,21.16390977443609,38.207,18.89593253968254,34.6,2.0
2018,36,Villa Hermosa,2,19.647619047619045,167.208,21.933630952380952,9.211,21.707008448540705,0.033,2.0
2018,37,Villa Hermosa,2,19.54732142857143,101.31299999999999,21.44077380952381,28.060000000000002,21.16390977443609,38.207,1.0
2018,38,Villa Hermosa,1,21.439583333333335,43.509,19.647619047619045,167.208,21.933630952380952,9.211,2.0
2018,40,Villa Hermosa,2,19.59791666666667,244.417,21.439583333333335,43.509,19.647619047619045,167.208,2.0
2018,42,Villa Hermosa,2,19.423627744510977,107.757,19.59791666666667,244.417,21.439583333333335,43.509,1.0
2018,44,Villa Hermosa,1,19.163027680397313,121.576,19.423627744510977,107.757,19.59791666666667,244.417,1.0
2018,45,Villa Hermosa,1,19.776190476190475,36.817,20.06755952380952,44.153,19.407738095238095,81.641,1.0
2018,47,Villa Hermosa,1,20.163392857142856,228.88299999999998,19.776190476190475,36.817,20.06755952380952,44.153,1.0
2018,48,Villa Hermosa,1,19.56934523809524,38.900999999999996,20.524666737952664,43.536,19.163027680397313,121.576,1.0
2018,50,Villa Hermosa,1,20.68204604130809,6.422000000000001,19.56934523809524,38.900999999999996,20.524666737952664,43.536,1.0
2018,51,Villa Hermosa,1,20.358630952380953,5.2010000000000005,19.92142857142857,11.767,20.163392857142856,228.88299999999998,1.0
2018,52,Villa Hermosa,1,21.199107142857144,0.0,20.68204604130809,6.422000000000001,19.56934523809524,38.900999999999996,1.0
2019,1,Villa Hermosa,1,21.702083333333334,48.616,20.358630952380953,5.2010000000000005,19.92142857142857,11.767,2.0
2019,2,Villa Hermosa,2,19.181845238095235,44.163,21.199107142857144,0.0,20.68204604130809,6.422000000000001,3.0
2019,3,Villa Hermosa,3,20.54761904761905,16.539,21.702083333333334,48.616,20.358630952380953,5.2010000000000005,3.0
2019,4,Villa Hermosa,3,21.96904761904762,0.876,19.181845238095235,44.163,21.199107142857144,0.0,1.0
2019,5,Villa Hermosa,1,20.58469489592244,19.978,20.54761904761905,16.539,21.702083333333334,48.616,1.0
2019,6,Villa Hermosa,1,20.980059523809523,0.732,21.96904761904762,0.876,19.181845238095235,44.163,1.0
2019,8,Villa Hermosa,1,20.707722055888226,105.743,20.980059523809523,0.732,21.96904761904762,0.876,1.0
2019,11,Villa Hermosa,1,21.175892857142856,14.3,19.816071428571426,121.411,21.84583333333333,2.823,1.0
2019,13,Villa Hermosa,1,20.43244047619048,65.8,21.175892857142856,14.3,19.816071428571426,121.411,2.0
2019,14,Villa Hermosa,2,19.54794426048565,81.5,19.45817805383023,68.6,21.135758839463932,25.105,1.0
2019,15,Villa Hermosa,1,20.6625,45.8,20.43244047619048,65.8,21.175892857142856,14.3,1.0
2019,16,Villa Hermosa,1,20.26900662959795,30.4,19.54794426048565,81.5,19.45817805383023,68.6,1.0
2019,17,Villa Hermosa,1,20.517857142857146,35.1,20.6625,45.8,20.43244047619048,65.8,2.0
2019,18,Villa Hermosa,2,22.4164156626506,0.0,20.26900662959795,30.4,19.54794426048565,81.5,2.0
2019,19,Villa Hermosa,2,20.93189117929051,38.6,20.517857142857146,35.1,20.6625,45.8,3.0
2019,21,Villa Hermosa,3,19.680952380952377,64.3,20.93189117929051,38.6,20.517857142857146,35.1,2.0
2019,22,Villa Hermosa,2,19.456845238095237,62.1,20.026488095238093,73.3,22.4164156626506,0.0,3.0
2019,24,Villa Hermosa,3,21.176957831325304,18.4,19.456845238095237,62.1,20.026488095238093,73.3,3.0
2019,25,Villa Hermosa,3,22.412554112554112,0.1,20.99731784279977,37.8,19.680952380952377,64.3,1.0
2019,26,Villa Hermosa,1,21.656854148845166,3.2,21.176957831325304,18.4,19.456845238095237,62.1,5.0
2019,28,Villa Hermosa,5,20.98482142857143,29.8,21.656854148845166,3.2,21.176957831325304,18.4,3.0
2019,29,Villa Hermosa,3,21.879348445965213,10.1,20.96992621899059,38.1,22.412554112554112,0.1,4.0
2019,31,Villa Hermosa,4,21.598642857142856,8.8,21.879348445965213,10.1,20.96992621899059,38.1,1.0
2019,32,Villa Hermosa,1,22.56467770034843,0.0,20.987724550898204,21.4,20.98482142857143,29.8,1.0
2019,34,Villa Hermosa,1,22.284559452523524,1.874,22.56467770034843,0.0,20.987724550898204,21.4,4.0
2019,35,Villa Hermosa,4,22.22268246187364,3.834,21.651785714285715,6.1,21.598642857142856,8.8,3.0
2019,36,Villa Hermosa,3,22.34106060606061,51.072,22.284559452523524,1.874,22.56467770034843,0.0,5.0
2019,37,Villa Hermosa,5,22.580755649717513,93.228,22.22268246187364,3.834,21.651785714285715,6.1,6.0
2019,38,Villa Hermosa,6,19.6575,72.412,22.34106060606061,51.072,22.284559452523524,1.874,11.0
2019,39,Villa Hermosa,11,20.242107716580605,84.449,22.580755649717513,93.228,22.22268246187364,3.834,7.0
2019,40,Villa Hermosa,7,19.811947533504423,64.07900000000001,19.6575,72.412,22.34106060606061,51.072,4.0
2019,41,Villa Hermosa,4,19.94417347123934,33.158,20.242107716580605,84.449,22.580755649717513,93.228,1.0
2019,42,Villa Hermosa,1,19.741271645021644,77.337,19.811947533504423,64.07900000000001,19.6575,72.412,4.0
2019,43,Villa Hermosa,4,19.449855945521215,123.856,19.94417347123934,33.158,20.242107716580605,84.449,2.0
2019,45,Villa Hermosa,2,20.32371212121212,90.394,19.449855945521215,123.856,19.94417347123934,33.158,2.0
2019,46,Villa Hermosa,2,19.280833333333334,86.971,20.33673054587689,99.606,19.741271645021644,77.337,1.0
2019,47,Villa Hermosa,1,19.34214826839827,179.652,20.32371212121212,90.394,19.449855945521215,123.856,2.0
2019,50,Villa Hermosa,2,19.78839285714286,65.613,21.175400983746794,15.971,19.280833333333334,86.971,1.0
2019,51,Villa Hermosa,1,21.011607142857144,19.577,20.334424603174604,19.691000000000003,19.34214826839827,179.652,5.0
2020,1,Villa Hermosa,5,20.126536796536797,30.362,21.011607142857144,19.577,20.334424603174604,19.691000000000003,1.0
2020,2,Villa Hermosa,1,20.4320533888402,0.0,21.583768177929855,44.2,19.78839285714286,65.613,2.0
2020,3,Villa Hermosa,2,22.372500815394652,0.0,20.126536796536797,30.362,21.011607142857144,19.577,2.0
2020,4,Villa Hermosa,2,20.1506599378882,74.81,20.4320533888402,0.0,21.583768177929855,44.2,1.0
2020,6,Villa Hermosa,1,21.638881401617247,3.067,20.1506599378882,74.81,20.4320533888402,0.0,1.0
2020,7,Villa Hermosa,1,22.251461723930078,11.719000000000001,20.95476907630522,30.737000000000002,22.372500815394652,0.0,1.0
2020,8,Villa Hermosa,1,22.024197722567287,66.928,21.638881401617247,3.067,20.1506599378882,74.81,1.0
2020,10,Villa Hermosa,1,22.29136904761905,2.717,22.024197722567287,66.928,21.638881401617247,3.067,1.0
2020,12,Villa Hermosa,1,20.727558016877637,24.101999999999997,22.29136904761905,2.717,22.024197722567287,66.928,2.0
2020,14,Villa Hermosa,2,22.622377622377623,17.193,20.727558016877637,24.101999999999997,22.29136904761905,2.717,1.0
2020,15,Villa Hermosa,1,23.511805555555554,16.224,21.103600750645086,14.557,20.87708333333333,58.356,1.0
2020,17,Villa Hermosa,1,21.92035928143713,5.307,23.511805555555554,16.224,21.103600750645086,14.557,1.0
2020,18,Villa Hermosa,1,23.235928143712574,1.909,21.433532934131737,28.7,22.622377622377623,17.193,3.0
2020,19,Villa Hermosa,3,24.81878787878788,3.148,21.92035928143713,5.307,23.511805555555554,16.224,2.0
2020,20,Villa Hermosa,2,23.538607594936707,3.535,23.235928143712574,1.909,21.433532934131737,28.7,1.0
2020,21,Villa Hermosa,1,23.55875,15.329,24.81878787878788,3.148,21.92035928143713,5.307,1.0
2020,23,Villa Hermosa,1,22.179166666666667,4.182,23.55875,15.329,24.81878787878788,3.148,1.0
2020,26,Villa Hermosa,1,22.36050955414013,1.069,21.921818181818185,0.728,21.941666666666663,29.251,1.0
2020,28,Villa Hermosa,1,21.12606060606061,2.173,22.36050955414013,1.069,21.921818181818185,0.728,2.0
2020,29,Villa Hermosa,2,22.683832335329345,1.334,21.517532467532465,1.376,21.43109756097561,2.254,1.0
2020,30,Villa Hermosa,1,21.11377245508982,2.478,21.12606060606061,2.173,22.36050955414013,1.069,1.0
2020,32,Villa Hermosa,1,23.7144578313253,0.441,21.11377245508982,2.478,21.12606060606061,2.173,1.0
2020,34,Villa Hermosa,1,21.538414634146346,0.427,23.7144578313253,0.441,21.11377245508982,2.478,1.0
2020,35,Villa Hermosa,1,21.288622754491016,0.157,22.53265306122449,11.477,22.63154761904762,4.338,1.0
2020,37,Villa Hermosa,1,21.530379746835443,7.606,21.288622754491016,0.157,22.53265306122449,11.477,1.0
2020,38,Villa Hermosa,1,21.171794871794877,0.778,21.273652694610774,4.556,21.538414634146346,0.427,1.0
2020,42,Villa Hermosa,1,21.753846153846155,6.502,20.83405797101449,1.507,21.171794871794877,0.778,1.0
2020,44,Villa Hermosa,1,21.112676056338028,4.684,21.753846153846155,6.502,20.83405797101449,1.507,1.0
2020,47,Villa Hermosa,1,20.81556886227545,0.676,21.37393939393939,2.657,21.12546583850932,0.924,2.0
2020,48,Villa Hermosa,2,21.475757575757576,0.175,20.275694444444444,0.732,21.112676056338028,4.684,1.0
2021,1,Villa Hermosa,1,20.79824561403509,4.157,21.16216216216216,41.654,21.87702702702703,0.104,1.0
2021,2,Villa Hermosa,1,22.226595744680854,9.776,21.34331210191083,1.006,21.86625,6.224,2.0
2021,5,Villa Hermosa,2,23.397959183673468,1.098,22.061486486486487,3.492,20.79824561403509,4.157,2.0
2021,14,Villa Hermosa,2,21.49051724137931,13.827,20.632608695652173,53.73,20.119266055045877,22.298,1.0
2021,15,Villa Hermosa,1,22.4336,9.414,21.968852459016396,14.651,19.77338129496403,121.614,1.0
2021,19,Villa Hermosa,1,21.725,13.605,,0.0,22.4336,9.414,1.0
2021,21,Villa Hermosa,1,21.37559523809524,40.812,21.725,13.605,,0.0,2.0
2021,29,Villa Hermosa,2,22.704790419161675,13.932,22.5874251497006,20.381,20.59583333333333,35.75,1.0
2021,30,Villa Hermosa,1,22.093333333333334,29.423,22.665269461077845,57.513,22.07857142857143,20.0,1.0
2021,42,Villa Hermosa,1,21.2375,39.122,22.26095890410959,26.694,21.57202797202797,41.942,1.0
2021,44,Villa Hermosa,1,21.271856287425152,6.029,21.2375,39.122,22.26095890410959,26.694,1.0
2021,45,Villa Hermosa,1,20.645454545454545,71.947,20.47142857142857,70.393,21.166060606060608,55.467,1.0
2021,46,Villa Hermosa,1,21.20969696969697,32.828,21.271856287425152,6.029,21.2375,39.122,2.0
2021,50,Villa Hermosa,2,21.12619047619048,16.234,21.5,38.38,21.20969696969697,32.828,1.0
2021,51,Villa Hermosa,1,21.88132530120482,19.529,21.98273809523809,1.032,20.374305555555555,52.711,1.0
2021,52,Villa Hermosa,1,21.106586826347307,16.294999999999998,21.12619047619048,16.234,21.5,38.38,
